id,cigaretterelated_smoke1_count,cigaretterelated_smoke1_mean,cigaretterelated_smoke1_sum,cigaretterelated_smoke2_count,cigaretterelated_smoke2_mean,cigaretterelated_smoke2_sum,cigaretterelated_smoke3_count,cigaretterelated_smoke3_mean,cigaretterelated_smoke3_sum,cigarette_smoke1_count,cigarette_smoke1_mean,cigarette_smoke1_sum,cigarette_smoke2_count,cigarette_smoke2_mean,cigarette_smoke2_sum,cigarette_smoke3_count,cigarette_smoke3_mean,cigarette_smoke3_sum,cigarette_smoke4_count,cigarette_smoke4_mean,cigarette_smoke4_sum,ecigarette_vape1_count,ecigarette_vape1_mean,ecigarette_vape1_sum,ecigarette_vape2_count,ecigarette_vape2_mean,ecigarette_vape2_sum,ecigarette_vape3_count,ecigarette_vape3_mean,ecigarette_vape3_sum,ecigarette_vape4_count,ecigarette_vape4_mean,ecigarette_vape4_sum,ecigarette_novape1_count,ecigarette_novape1_mean,ecigarette_novape1_sum,ecigarette_novape2_count,ecigarette_novape2_mean,ecigarette_novape2_sum,ecigarette_novape3_count,ecigarette_novape3_mean,ecigarette_novape3_sum,ecigarette_novape4_count,ecigarette_novape4_mean,ecigarette_novape4_sum,ecigaretterelated_vape1_count,ecigaretterelated_vape1_mean,ecigaretterelated_vape1_sum,ecigaretterelated_vape2_count,ecigaretterelated_vape2_mean,ecigaretterelated_vape2_sum,ecigaretterelated_vape3_count,ecigaretterelated_vape3_mean,ecigaretterelated_vape3_sum,ecigaretterelated_vape4_count,ecigaretterelated_vape4_mean,ecigaretterelated_vape4_sum,ecigaretterelated_novape1_count,ecigaretterelated_novape1_mean,ecigaretterelated_novape1_sum,ecigaretterelated_novape2_count,ecigaretterelated_novape2_mean,ecigaretterelated_novape2_sum,ecigaretterelated_novape3_count,ecigaretterelated_novape3_mean,ecigaretterelated_novape3_sum,ecigaretterelated_novape4_count,ecigaretterelated_novape4_mean,ecigaretterelated_novape4_sum,handobject_vape1_count,handobject_vape1_mean,handobject_vape1_sum,handobject_vape2_count,handobject_vape2_mean,handobject_vape2_sum,handobject_vape3_count,handobject_vape3_mean,handobject_vape3_sum,handobject_vape4_count,handobject_vape4_mean,handobject_vape4_sum,handobject_novape1_count,handobject_novape1_mean,handobject_novape1_sum,handobject_novape2_count,handobject_novape2_mean,handobject_novape2_sum,handobject_novape3_count,handobject_novape3_mean,handobject_novape3_sum,handobject_novape4_count,handobject_novape4_mean,handobject_novape4_sum,handobject_sports1_count,handobject_sports1_mean,handobject_sports1_sum,handobject_sports2_count,handobject_sports2_mean,handobject_sports2_sum,handobject_sports3_count,handobject_sports3_mean,handobject_sports3_sum,handobject_sports4_count,handobject_sports4_mean,handobject_sports4_sum,handobject_smoke1_count,handobject_smoke1_mean,handobject_smoke1_sum,handobject_smoke2_count,handobject_smoke2_mean,handobject_smoke2_sum,handobject_smoke3_count,handobject_smoke3_mean,handobject_smoke3_sum,handobject_smoke4_count,handobject_smoke4_mean,handobject_smoke4_sum,nonuserface_vape1_count,nonuserface_vape1_mean,nonuserface_vape1_sum,nonuserface_vape2_count,nonuserface_vape2_mean,nonuserface_vape2_sum,nonuserface_vape3_count,nonuserface_vape3_mean,nonuserface_vape3_sum,nonuserface_vape4_count,nonuserface_vape4_mean,nonuserface_vape4_sum,nonuserface_novape1_count,nonuserface_novape1_mean,nonuserface_novape1_sum,nonuserface_novape2_count,nonuserface_novape2_mean,nonuserface_novape2_sum,nonuserface_novape3_count,nonuserface_novape3_mean,nonuserface_novape3_sum,nonuserface_novape4_count,nonuserface_novape4_mean,nonuserface_novape4_sum,nonuserface_sports1_count,nonuserface_sports1_mean,nonuserface_sports1_sum,nonuserface_sports2_count,nonuserface_sports2_mean,nonuserface_sports2_sum,nonuserface_sports3_count,nonuserface_sports3_mean,nonuserface_sports3_sum,nonuserface_sports4_count,nonuserface_sports4_mean,nonuserface_sports4_sum,nonuserface_smoke1_count,nonuserface_smoke1_mean,nonuserface_smoke1_sum,nonuserface_smoke2_count,nonuserface_smoke2_mean,nonuserface_smoke2_sum,nonuserface_smoke4_count,nonuserface_smoke4_mean,nonuserface_smoke4_sum,smoke_smoke1_count,smoke_smoke1_mean,smoke_smoke1_sum,smoke_smoke2_count,smoke_smoke2_mean,smoke_smoke2_sum,smoke_smoke3_count,smoke_smoke3_mean,smoke_smoke3_sum,smoke_smoke4_count,smoke_smoke4_mean,smoke_smoke4_sum,smokerface_smoke1_count,smokerface_smoke1_mean,smokerface_smoke1_sum,smokerface_smoke2_count,smokerface_smoke2_mean,smokerface_smoke2_sum,smokerface_smoke3_count,smokerface_smoke3_mean,smokerface_smoke3_sum,smokerface_smoke4_count,smokerface_smoke4_mean,smokerface_smoke4_sum,text_vape1_count,text_vape1_mean,text_vape1_sum,text_vape2_count,text_vape2_mean,text_vape2_sum,text_vape3_count,text_vape3_mean,text_vape3_sum,text_vape4_count,text_vape4_mean,text_vape4_sum,text_novape1_count,text_novape1_mean,text_novape1_sum,text_novape2_count,text_novape2_mean,text_novape2_sum,text_novape3_count,text_novape3_mean,text_novape3_sum,text_novape4_count,text_novape4_mean,text_novape4_sum,text_sports1_count,text_sports1_mean,text_sports1_sum,text_sports2_count,text_sports2_mean,text_sports2_sum,text_sports3_count,text_sports3_mean,text_sports3_sum,text_smoke1_count,text_smoke1_mean,text_smoke1_sum,text_smoke2_count,text_smoke2_mean,text_smoke2_sum,text_smoke3_count,text_smoke3_mean,text_smoke3_sum,text_smoke4_count,text_smoke4_mean,text_smoke4_sum,vapor_vape1_count,vapor_vape1_mean,vapor_vape1_sum,vapor_vape2_count,vapor_vape2_mean,vapor_vape2_sum,vapor_vape3_count,vapor_vape3_mean,vapor_vape3_sum,vapor_vape4_count,vapor_vape4_mean,vapor_vape4_sum,vaperface_vape1_count,vaperface_vape1_mean,vaperface_vape1_sum,vaperface_vape2_count,vaperface_vape2_mean,vaperface_vape2_sum,vaperface_vape3_count,vaperface_vape3_mean,vaperface_vape3_sum,vaperface_vape4_count,vaperface_vape4_mean,vaperface_vape4_sum,vaperface_novape1_count,vaperface_novape1_mean,vaperface_novape1_sum,vaperface_novape2_count,vaperface_novape2_mean,vaperface_novape2_sum,vaperface_novape3_count,vaperface_novape3_mean,vaperface_novape3_sum,vaperface_novape4_count,vaperface_novape4_mean,vaperface_novape4_sum
P001,4,0.12,0.48,0,0,0,3,0.86,2.57,0,0,0,0,0,0,2,0.25,0.49,0,0,0,0,0,0,0,0,0,0,0,0,0,0,0,0,0,0,0,0,0,0,0,0,0,0,0,0,0,0,0,0,0,0,0,0,0,0,0,0,0,0,0,0,0,0,0,0,0,0,0,0,0,0,0,0,0,0,0,0,0,0,0,0,0,0,0,0,0,0,0,0,0,0,0,0,0,0,0,0,0,0,0,0,0,0,0,0,0,0,1,0.12,0.12,1,0.27,0.27,0,0,0,0,0,0,0,0,0,0,0,0,0,0,0,0,0,0,0,0,0,0,0,0,0,0,0,0,0,0,0,0,0,0,0,0,0,0,0,9,0.96,8.62,5,2.07,10.37,1,0,0,2,0.22,0.44,0,0,0,1,0,0,8,0.81,6.49,0,0,0,2,0.88,1.76,11,0.37,4.12,7,0.53,3.74,,0,0,0,0,0,0,0,0,0,0,0,0,0,0,0,0,0,0,0,0,0,0,0,0,0,0,0,0,0,0,0,0,5,0.39,1.97,3,0.91,2.73,3,0.81,2.44,1,1.09,1.09,0,0,0,0,0,0,0,0,0,0,0,0,0,0,0,0,0,0,0,0,0,0,0,0,0,0,0,0,0,0,0,0,0,0,0,0
P002,0,0,0,0,0,0,0,0,0,0,0,0,0,0,0,0,0,0,0,0,0,3,0.41,1.23,12,0.19,2.24,4,0.17,0.66,8,0.21,1.71,0,0,0,0,0,0,0,0,0,0,0,0,1,0.3,0.3,1,0.37,0.37,0,0,0,0,0,0,0,0,0,0,0,0,0,0,0,0,0,0,0,0,0,1,0.31,0.31,0,0,0,1,0.01,0.01,0,0,0,0,0,0,0,0,0,0,0,0,0,0,0,0,0,0,0,0,0,0,0,0,0,0,0,0,0,0,0,0,0,0,0,0,0,0,0,1,0.79,0.79,0,0,0,2,0.64,1.27,0,0,0,0,0,0,0,0,0,0,0,0,0,0,0,0,0,0,0,0,0,0,0,0,0,0,0,0,0,0,0,0,0,0,0,0,0,0,0,0,0,0,0,0,0,0,0,0,0,0,0,0,0,0,0,0,0,8,0.43,3.47,7,0.52,3.61,8,0.6,4.83,1,2.63,2.63,0,0,0,0,0,0,0,0,0,0,0,0,0,0,0,0,0,0,0,0,0,0,0,0,0,0,0,0,0,0,0,0,0,2,1.45,2.9,4,0.35,1.41,4,0.6,2.39,8,0.55,4.41,3,0.74,2.23,4,0.48,1.94,2,0.28,0.55,7,0.49,3.45,0,0,0,0,0,0,0,0,0,0,0,0
P003,0,0,0,0,0,0,0,0,0,0,0,0,0,0,0,0,0,0,0,0,0,0,0,0,0,0,0,0,0,0,0,0,0,0,0,0,0,0,0,0,0,0,0,0,0,0,0,0,0,0,0,0,0,0,0,0,0,0,0,0,0,0,0,0,0,0,0,0,0,0,0,0,0,0,0,0,0,0,0,0,0,0,0,0,0,0,0,0,0,0,0,0,0,6,0.15,0.91,4,0.1,0.39,2,0,0,3,0.11,0.32,0,0,0,0,0,0,0,0,0,0,0,0,0,0,0,0,0,0,0,0,0,0,0,0,0,0,0,0,0,0,0,0,0,0,0,0,22,0.21,4.53,23,0.53,12.21,26,0.26,6.85,23,0.47,10.8,0,0,0,0,0,0,0,0,0,0,0,0,0,0,0,0,0,0,0,0,0,0,0,0,0,0,0,0,0,0,0,0,0,0,0,0,0,0,0,0,0,0,0,0,0,0,0,0,0,0,0,0,0,0,0,0,0,7,0.44,3.06,2,0.61,1.22,16,0.37,5.95,0,0,0,0,0,0,0,0,0,0,0,0,0,0,0,0,0,0,0,0,0,0,0,0,0,0,0,0,0,0,0,0,0,0,0,0,0,0,0,0,0,0,0,0,0,0,0,0
P004,0,0,0,0,0,0,0,0,0,0,0,0,0,0,0,0,0,0,0,0,0,0,0,0,0,0,0,0,0,0,0,0,0,7,0.11,0.76,20,0.16,3.28,8,0.38,3.01,12,0.19,2.34,0,0,0,0,0,0,0,0,0,0,0,0,1,0.28,0.28,2,0.39,0.77,1,0,0,1,0.32,0.32,0,0,0,0,0,0,0,0,0,0,0,0,0,0,0,1,0.08,0.08,1,0.03,0.03,1,0.04,0.04,0,0,0,0,0,0,0,0,0,0,0,0,0,0,0,0,0,0,0,0,0,0,0,0,0,0,0,0,0,0,0,0,0,0,0,0,0,0,0,1,0.93,0.93,2,0.2,0.41,1,1.27,1.27,0,0,0,0,0,0,0,0,0,0,0,0,0,0,0,0,0,0,0,0,0,0,0,0,0,0,0,0,0,0,0,0,0,0,0,0,0,0,0,0,0,0,0,0,0,0,0,0,0,0,0,0,0,0,0,0,0,5,0.49,2.46,8,0.33,2.62,4,1.54,6.17,2,1.41,2.82,0,0,0,0,0,0,0,0,0,0,0,0,0,0,0,0,0,0,0,0,0,0,0,0,0,0,0,0,0,0,0,0,0,0,0,0,0,0,0,0,0,0,0,0,0,6,0.56,3.34,1,0.23,0.23,1,0.41,0.41,0,0,0
P006,0,0,0,1,0.03,0.03,7,0.93,6.54,2,0.11,0.22,0,0,0,3,0.16,0.49,3,0.1,0.31,0,0,0,0,0,0,0,0,0,0,0,0,0,0,0,0,0,0,0,0,0,0,0,0,0,0,0,0,0,0,0,0,0,0,0,0,0,0,0,0,0,0,0,0,0,0,0,0,0,0,0,0,0,0,0,0,0,0,0,0,0,0,0,0,0,0,0,0,0,0,0,0,0,0,0,0,0,0,0,0,0,0,0,0,0,0,0,2,0.06,0.12,2,0.02,0.04,0,0,0,0,0,0,0,0,0,0,0,0,0,0,0,0,0,0,0,0,0,0,0,0,0,0,0,0,0,0,0,0,0,0,0,0,0,0,0,18,0.5,9,10,1.06,10.62,2,1.13,2.26,6,0.36,2.15,0,0,0,9,0.25,2.29,20,0.31,6.28,2,0.5,1,4,0.55,2.21,13,0.67,8.75,12,0.92,11.02,0,0,0,0,0,0,0,0,0,0,0,0,0,0,0,0,0,0,0,0,0,0,0,0,0,0,0,0,0,0,0,0,0,4,0.33,1.3,6,0.65,3.92,13,0.26,3.42,6,0.2,1.21,0,0,0,0,0,0,0,0,0,0,0,0,0,0,0,0,0,0,0,0,0,0,0,0,0,0,0,0,0,0,0,0,0,0,0,0
P007,0,0,0,0,0,0,0,0,0,0,0,0,0,0,0,0,0,0,0,0,0,7,0.35,2.47,8,0.36,2.88,8,0.27,2.14,10,0.31,3.09,0,0,0,0,0,0,0,0,0,0,0,0,0,0,0,0,0,0,0,0,0,2,0.42,0.85,0,0,0,0,0,0,0,0,0,0,0,0,1,0.37,0.37,0,0,0,2,0.06,0.11,1,0.35,0.35,0,0,0,0,0,0,0,0,0,0,0,0,0,0,0,0,0,0,0,0,0,0,0,0,0,0,0,0,0,0,0,0,0,0,0,0,1,0.32,0.32,0,0,0,1,1.04,1.04,2,0.86,1.73,0,0,0,0,0,0,0,0,0,0,0,0,0,0,0,0,0,0,0,0,0,0,0,0,0,0,0,0,0,0,0,0,0,0,0,0,0,0,0,0,0,0,0,0,0,0,0,0,0,0,0,0,0,0,0,0,0,4,0.46,1.86,6,0.49,2.96,4,1.22,4.87,4,0.46,1.85,0,0,0,0,0,0,0,0,0,0,0,0,0,0,0,0,0,0,0,0,0,0,0,0,0,0,0,0,0,0,0,0,0,4,0.35,1.39,2,0.3,0.6,2,0.66,1.32,5,0.21,1.07,5,0.42,2.12,3,0.51,1.53,4,0.62,2.46,5,0.31,1.57,0,0,0,0,0,0,0,0,0,0,0,0
P008,0,0,0,0,0,0,0,0,0,0,0,0,0,0,0,0,0,0,0,0,0,0,0,0,0,0,0,0,0,0,0,0,0,0,0,0,0,0,0,0,0,0,0,0,0,0,0,0,0,0,0,0,0,0,0,0,0,0,0,0,0,0,0,0,0,0,0,0,0,0,0,0,0,0,0,0,0,0,0,0,0,0,0,0,0,0,0,0,0,0,0,0,0,2,0.02,0.05,3,0.01,0.04,0,0,0,3,0.1,0.29,0,0,0,0,0,0,0,0,0,0,0,0,0,0,0,0,0,0,0,0,0,0,0,0,0,0,0,0,0,0,0,0,0,0,0,0,5,0.09,0.43,21,0.41,8.68,22,0.24,5.34,29,0.24,7,0,0,0,0,0,0,0,0,0,0,0,0,0,0,0,0,0,0,0,0,0,0,0,0,0,0,0,0,0,0,0,0,0,0,0,0,0,0,0,0,0,0,0,0,0,0,0,0,0,0,0,0,0,0,0,0,0,7,0.34,2.39,4,0.59,2.35,14,0.55,7.65,0,0,0,0,0,0,0,0,0,0,0,0,0,0,0,0,0,0,0,0,0,0,0,0,0,0,0,0,0,0,0,0,0,0,0,0,0,0,0,0,0,0,0,0,0,0,0,0
P009,0,0,0,0,0,0,0,0,0,0,0,0,0,0,0,0,0,0,0,0,0,2,0.16,0.33,11,0.23,2.53,5,0.19,0.95,8,0.2,1.57,0,0,0,0,0,0,0,0,0,0,0,0,1,0.07,0.07,1,0.32,0.32,2,0.13,0.26,0,0,0,0,0,0,0,0,0,0,0,0,0,0,0,0,0,0,0,0,0,0,0,0,0,0,0,0,0,0,0,0,0,0,0,0,0,0,0,0,0,0,0,0,0,0,0,0,0,0,0,0,0,0,0,0,0,0,0,0,0,0,0,2,0.54,1.07,1,0.75,0.75,3,0.94,2.83,4,0.58,2.31,0,0,0,0,0,0,0,0,0,0,0,0,0,0,0,0,0,0,0,0,0,0,0,0,0,0,0,0,0,0,0,0,0,0,0,0,0,0,0,0,0,0,0,0,0,0,0,0,0,0,0,0,0,0,0,0,0,9,0.44,4,4,1.21,4.84,6,1.11,6.65,2,1.23,2.47,0,0,0,0,0,0,0,0,0,0,0,0,0,0,0,0,0,0,0,0,0,0,0,0,0,0,0,0,0,0,0,0,0,3,0.88,2.65,3,0.8,2.4,5,0.61,3.03,2,0.85,1.71,7,0.55,3.82,5,0.48,2.39,5,0.64,3.22,7,0.3,2.13,0,0,0,0,0,0,0,0,0,0,0,0
P010,0,0,0,0,0,0,0,0,0,0,0,0,0,0,0,0,0,0,0,0,0,0,0,0,0,0,0,0,0,0,0,0,0,5,0.5,2.51,5,0.6,2.98,11,0.3,3.35,8,0.3,2.39,0,0,0,0,0,0,0,0,0,0,0,0,0,0,0,0,0,0,0,0,0,0,0,0,0,0,0,0,0,0,0,0,0,0,0,0,1,0.25,0.25,1,0.03,0.03,0,0,0,0,0,0,0,0,0,0,0,0,0,0,0,0,0,0,0,0,0,0,0,0,0,0,0,0,0,0,0,0,0,0,0,0,0,0,0,0,0,0,1,0.6,0.6,3,0.18,0.55,4,0.61,2.45,3,0.39,1.18,0,0,0,0,0,0,0,0,0,0,0,0,0,0,0,0,0,0,0,0,0,0,0,0,0,0,0,0,0,0,0,0,0,0,0,0,0,0,0,0,0,0,0,0,0,0,0,0,0,0,0,0,0,0,0,0,0,4,0.45,1.8,10,0.4,4.02,6,0.88,5.3,1,1.01,1.01,0,0,0,0,0,0,0,0,0,0,0,0,0,0,0,0,0,0,0,0,0,0,0,0,0,0,0,0,0,0,0,0,0,0,0,0,0,0,0,0,0,0,0,0,0,5,0.57,2.83,3,0.4,1.19,6,0.32,1.91,6,0.29,1.77
P011,2,0.42,0.85,0,0,0,4,1.4,5.59,0,0,0,0,0,0,4,0.36,1.43,0,0,0,0,0,0,0,0,0,0,0,0,0,0,0,0,0,0,0,0,0,0,0,0,0,0,0,0,0,0,0,0,0,0,0,0,0,0,0,0,0,0,0,0,0,0,0,0,0,0,0,0,0,0,0,0,0,0,0,0,0,0,0,0,0,0,0,0,0,0,0,0,0,0,0,0,0,0,0,0,0,0,0,0,0,0,0,1,0.22,0.22,0,0,0,3,0.04,0.12,0,0,0,0,0,0,0,0,0,0,0,0,0,0,0,0,0,0,0,0,0,0,0,0,0,0,0,0,0,0,0,0,0,0,0,0,0,0,0,19,0.72,13.64,8,1.87,14.96,3,0.37,1.11,6,0.21,1.24,1,0.16,0.16,6,0.36,2.14,14,0.52,7.32,2,0.31,0.62,3,0.89,2.67,13,0.7,9.11,18,0.65,11.67,0,0,0,0,0,0,0,0,0,0,0,0,0,0,0,0,0,0,0,0,0,0,0,0,0,0,0,0,0,0,0,0,0,7,0.3,2.11,4,1.28,5.11,5,1.25,6.23,2,0.31,0.62,0,0,0,0,0,0,0,0,0,0,0,0,0,0,0,0,0,0,0,0,0,0,0,0,0,0,0,0,0,0,0,0,0,0,0,0
P012,0,0,0,0,0,0,0,0,0,0,0,0,0,0,0,0,0,0,0,0,0,2,1.09,2.18,13,0.29,3.76,8,0.27,2.14,3,0.67,2.01,0,0,0,0,0,0,0,0,0,0,0,0,0,0,0,0,0,0,0,0,0,0,0,0,0,0,0,0,0,0,0,0,0,0,0,0,0,0,0,0,0,0,0,0,0,0,0,0,0,0,0,0,0,0,0,0,0,0,0,0,0,0,0,0,0,0,0,0,0,0,0,0,0,0,0,0,0,0,0,0,0,0,0,0,1,0.31,0.31,1,0.62,0.62,2,1.22,2.44,2,0.74,1.49,0,0,0,0,0,0,0,0,0,0,0,0,0,0,0,0,0,0,0,0,0,0,0,0,0,0,0,0,0,0,0,0,0,0,0,0,0,0,0,0,0,0,0,0,0,0,0,0,0,0,0,0,0,0,0,0,0,9,0.31,2.75,7,0.69,4.86,5,1.4,7.02,3,0.83,2.5,0,0,0,0,0,0,0,0,0,0,0,0,0,0,0,0,0,0,0,0,0,0,0,0,0,0,0,0,0,0,0,0,0,2,1.53,3.07,3,0.51,1.53,6,0.5,2.98,6,0.43,2.58,3,0.67,2.02,1,0.68,0.68,4,0.47,1.89,6,0.45,2.7,0,0,0,0,0,0,0,0,0,0,0,0
P013,0,0,0,0,0,0,0,0,0,0,0,0,0,0,0,0,0,0,0,0,0,0,0,0,0,0,0,0,0,0,0,0,0,7,0.32,2.27,12,0.29,3.51,6,0.48,2.86,10,0.37,3.67,0,0,0,0,0,0,0,0,0,0,0,0,2,0.21,0.41,1,0.29,0.29,0,0,0,1,0.32,0.32,0,0,0,0,0,0,0,0,0,0,0,0,0,0,0,1,0.25,0.25,1,0.09,0.09,0,0,0,0,0,0,0,0,0,0,0,0,0,0,0,0,0,0,0,0,0,0,0,0,0,0,0,0,0,0,0,0,0,0,0,0,0,0,0,0,0,0,1,0.27,0.27,3,0.51,1.54,1,1.64,1.64,0,0,0,0,0,0,0,0,0,0,0,0,0,0,0,0,0,0,0,0,0,0,0,0,0,0,0,0,0,0,0,0,0,0,0,0,0,0,0,0,0,0,0,0,0,0,0,0,0,0,0,0,0,0,0,0,0,5,1.28,6.42,6,0.73,4.38,7,0.96,6.73,2,1.54,3.09,0,0,0,0,0,0,0,0,0,0,0,0,0,0,0,0,0,0,0,0,0,0,0,0,0,0,0,0,0,0,0,0,0,0,0,0,0,0,0,0,0,0,0,0,0,5,0.75,3.76,0,0,0,2,0.18,0.37,7,0.32,2.23
P014,0,0,0,0,0,0,0,0,0,0,0,0,0,0,0,0,0,0,0,0,0,0,0,0,0,0,0,0,0,0,0,0,0,5,0.11,0.55,14,0.19,2.64,5,0.23,1.14,5,0.43,2.17,0,0,0,0,0,0,0,0,0,0,0,0,1,0.07,0.07,1,0.01,0.01,0,0,0,0,0,0,0,0,0,0,0,0,0,0,0,0,0,0,0,0,0,0,0,0,0,0,0,0,0,0,0,0,0,0,0,0,0,0,0,0,0,0,0,0,0,0,0,0,0,0,0,0,0,0,0,0,0,0,0,0,0,0,0,0,0,0,1,0.31,0.31,3,0.41,1.24,2,1.12,2.24,2,0.9,1.8,0,0,0,0,0,0,0,0,0,0,0,0,0,0,0,0,0,0,0,0,0,0,0,0,0,0,0,0,0,0,0,0,0,0,0,0,0,0,0,0,0,0,0,0,0,0,0,0,0,0,0,0,0,0,0,0,0,8,0.41,3.3,10,0.46,4.56,17,0.27,4.66,1,0.59,0.59,0,0,0,0,0,0,0,0,0,0,0,0,0,0,0,0,0,0,0,0,0,0,0,0,0,0,0,0,0,0,0,0,0,0,0,0,0,0,0,0,0,0,0,0,0,5,0.58,2.89,6,0.2,1.23,5,0.48,2.4,10,0.3,2.95
P015,0,0,0,0,0,0,0,0,0,0,0,0,0,0,0,0,0,0,0,0,0,0,0,0,0,0,0,0,0,0,0,0,0,0,0,0,0,0,0,0,0,0,0,0,0,0,0,0,0,0,0,0,0,0,0,0,0,0,0,0,0,0,0,0,0,0,0,0,0,0,0,0,0,0,0,0,0,0,0,0,0,0,0,0,0,0,0,0,0,0,0,0,0,16,0.08,1.21,7,0.06,0.45,1,0.04,0.04,4,0.13,0.51,0,0,0,0,0,0,0,0,0,0,0,0,0,0,0,0,0,0,0,0,0,0,0,0,0,0,0,0,0,0,0,0,0,0,0,0,20,0.22,4.37,26,0.34,8.89,21,0.34,7.07,31,0.29,8.99,0,0,0,0,0,0,0,0,0,0,0,0,0,0,0,0,0,0,0,0,0,0,0,0,0,0,0,0,0,0,0,0,0,0,0,0,0,0,0,0,0,0,0,0,0,0,0,0,0,0,0,0,0,0,0,0,0,8,0.49,3.88,1,1.83,1.83,13,0.56,7.28,0,0,0,0,0,0,0,0,0,0,0,0,0,0,0,0,0,0,0,0,0,0,0,0,0,0,0,0,0,0,0,0,0,0,0,0,0,0,0,0,0,0,0,0,0,0,0,0
P016,0,0,0,0,0,0,0,0,0,0,0,0,0,0,0,0,0,0,0,0,0,2,0.18,0.36,16,0.24,3.86,12,0.18,2.19,6,0.41,2.48,0,0,0,0,0,0,0,0,0,0,0,0,0,0,0,1,1.09,1.09,2,0.22,0.45,0,0,0,0,0,0,0,0,0,0,0,0,0,0,0,0,0,0,1,0.24,0.24,0,0,0,0,0,0,0,0,0,0,0,0,0,0,0,0,0,0,0,0,0,0,0,0,0,0,0,0,0,0,0,0,0,0,0,0,0,0,0,0,0,0,1,0.39,0.39,1,0.41,0.41,2,0.71,1.43,2,0.92,1.85,0,0,0,0,0,0,0,0,0,0,0,0,0,0,0,0,0,0,0,0,0,0,0,0,0,0,0,0,0,0,0,0,0,0,0,0,0,0,0,0,0,0,0,0,0,0,0,0,0,0,0,0,0,0,0,0,0,6,0.76,4.54,7,0.77,5.37,6,1.12,6.71,1,2.71,2.71,0,0,0,0,0,0,0,0,0,0,0,0,0,0,0,0,0,0,0,0,0,0,0,0,0,0,0,0,0,0,0,0,0,3,0.67,2.02,5,0.42,2.11,5,0.55,2.74,6,0.61,3.67,3,0.45,1.35,5,0.37,1.85,5,0.38,1.88,11,0.42,4.64,0,0,0,0,0,0,0,0,0,0,0,0
P017,0,0,0,0,0,0,0,0,0,0,0,0,0,0,0,0,0,0,0,0,0,0,0,0,0,0,0,0,0,0,0,0,0,5,0.3,1.52,12,0.36,4.37,13,0.28,3.7,7,0.31,2.15,0,0,0,0,0,0,0,0,0,0,0,0,0,0,0,0,0,0,0,0,0,0,0,0,0,0,0,0,0,0,0,0,0,0,0,0,0,0,0,0,0,0,2,0.14,0.29,0,0,0,0,0,0,0,0,0,0,0,0,0,0,0,0,0,0,0,0,0,0,0,0,0,0,0,0,0,0,0,0,0,0,0,0,0,0,0,0,0,0,2,0.31,0.62,3,1,3,2,1.01,2.02,0,0,0,0,0,0,0,0,0,0,0,0,0,0,0,0,0,0,0,0,0,0,0,0,0,0,0,0,0,0,0,0,0,0,0,0,0,0,0,0,0,0,0,0,0,0,0,0,0,0,0,0,0,0,0,0,0,4,1.71,6.85,4,1.13,4.53,3,2.52,7.57,1,3.37,3.37,0,0,0,0,0,0,0,0,0,0,0,0,0,0,0,0,0,0,0,0,0,0,0,0,0,0,0,0,0,0,0,0,0,0,0,0,0,0,0,0,0,0,0,0,0,3,0.97,2.91,8,0.22,1.79,4,0.23,0.92,8,0.21,1.71
P018,0,0,0,0,0,0,2,2.75,5.5,1,0,0,1,0.3,0.3,3,0.19,0.58,1,0.02,0.02,0,0,0,0,0,0,0,0,0,0,0,0,0,0,0,0,0,0,0,0,0,0,0,0,0,0,0,0,0,0,0,0,0,0,0,0,0,0,0,0,0,0,0,0,0,0,0,0,0,0,0,0,0,0,0,0,0,0,0,0,0,0,0,0,0,0,0,0,0,0,0,0,0,0,0,0,0,0,0,0,0,0,0,0,0,0,0,1,0.13,0.13,5,0.13,0.66,0,0,0,0,0,0,0,0,0,0,0,0,0,0,0,0,0,0,0,0,0,0,0,0,0,0,0,0,0,0,0,0,0,0,0,0,0,0,0,11,1.46,16.08,11,1.18,13.01,2,1.04,2.08,3,0.47,1.4,0,0,0,6,0.32,1.92,11,0.51,5.57,4,0.48,1.9,2,1.19,2.38,14,0.57,8.01,16,1.16,18.49,0,0,0,0,0,0,0,0,0,0,0,0,0,0,0,0,0,0,0,0,0,0,0,0,0,0,0,0,0,0,0,0,0,4,0.53,2.12,7,0.44,3.07,4,1.31,5.23,0,0,0,0,0,0,0,0,0,0,0,0,0,0,0,0,0,0,0,0,0,0,0,0,0,0,0,0,0,0,0,0,0,0,0,0,0,0,0
P019,0,0,0,0,0,0,0,0,0,0,0,0,0,0,0,0,0,0,0,0,0,1,0.21,0.21,11,0.23,2.48,8,0.42,3.33,5,0.22,1.08,0,0,0,0,0,0,0,0,0,0,0,0,0,0,0,1,0.07,0.07,0,0,0,1,0.19,0.19,0,0,0,0,0,0,0,0,0,0,0,0,0,0,0,0,0,0,0,0,0,S4+BS3:DN4,0,0,0,0,0,0,0,0,0,0,0,0,0,0,0,0,0,0,0,0,0,0,0,0,0,0,0,0,0,0,0,0,0,0,0,0,0,0,2,0.36,0.72,1,0.69,0.69,3,0.92,2.75,2,0.83,1.65,0,0,0,0,0,0,0,0,0,0,0,0,0,0,0,0,0,0,0,0,0,0,0,0,0,0,0,0,0,0,0,0,0,0,0,0,0,0,0,0,0,0,0,0,0,0,0,0,0,0,0,0,0,0,0,0,0,6,0.79,4.72,6,0.75,4.48,4,1.53,6.12,3,0.8,2.39,0,0,0,0,0,0,0,0,0,0,0,0,0,0,0,0,0,0,0,0,0,0,0,0,0,0,0,0,0,0,0,0,0,2,1.22,2.43,3,0.85,2.54,3,1.21,3.64,5,0.68,3.38,2,0.97,1.94,3,0.52,1.56,3,0.44,1.33,6,0.62,3.69,0,0,0,0,0,0,0,0,0,0,0,0
P020,4,0.2,0.79,2,0.35,0.7,3,2.02,6.06,0,0,0,0,0,0,2,0.24,0.48,3,0.16,0.47,0,0,0,0,0,0,0,0,0,0,0,0,0,0,0,0,0,0,0,0,0,0,0,0,0,0,0,0,0,0,0,0,0,0,0,0,0,0,0,0,0,0,0,0,0,0,0,0,0,0,0,0,0,0,0,0,0,0,0,0,0,0,0,0,0,0,0,0,0,0,0,0,0,0,0,0,0,0,0,0,0,0,0,0,1,0.57,0.57,1,0.23,0.23,2,0.12,0.24,0,0,0,0,0,0,0,0,0,0,0,0,0,0,0,0,0,0,0,0,0,0,0,0,0,0,0,0,0,0,0,0,0,0,0,0,0,0,0,8,1.35,10.78,8,1.67,13.37,1,0.34,0.34,5,0.21,1.03,0,0,0,4,0.27,1.06,9,0.61,5.49,1,0.48,0.48,5,0.36,1.81,11,0.65,7.12,15,0.73,10.88,0,0,0,0,0,0,0,0,0,0,0,0,0,0,0,0,0,0,0,0,0,0,0,0,0,0,0,0,0,0,0,0,0,3,0.74,2.21,5,1.02,5.1,4,1.11,4.46,1,1.4,1.4,0,0,0,0,0,0,0,0,0,0,0,0,0,0,0,0,0,0,0,0,0,0,0,0,0,0,0,0,0,0,0,0,0,0,0,0
P021,0,0,0,0,0,0,0,0,0,0,0,0,0,0,0,0,0,0,0,0,0,0,0,0,0,0,0,0,0,0,0,0,0,0,0,0,0,0,0,0,0,0,0,0,0,0,0,0,0,0,0,0,0,0,0,0,0,0,0,0,0,0,0,0,0,0,0,0,0,0,0,0,0,0,0,0,0,0,0,0,0,0,0,0,0,0,0,0,0,0,0,0,0,3,0.26,0.77,9,0.01,0.09,0,0,0,1,0.1,0.1,0,0,0,0,0,0,0,0,0,0,0,0,0,0,0,0,0,0,0,0,0,0,0,0,0,0,0,0,0,0,0,0,0,0,0,0,13,0.06,0.72,6,0.24,1.43,18,0.19,3.51,13,0.2,2.66,0,0,0,0,0,0,0,0,0,0,0,0,0,0,0,0,0,0,0,0,0,0,0,0,0,0,0,0,0,0,0,0,0,0,0,0,0,0,0,0,0,0,0,0,0,0,0,0,0,0,0,0,0,0,0,0,0,9,0.43,3.83,16,0.18,2.84,9,0.34,3.1,0,0,0,0,0,0,0,0,0,0,0,0,0,0,0,0,0,0,0,0,0,0,0,0,0,0,0,0,0,0,0,0,0,0,0,0,0,0,0,0,0,0,0,0,0,0,0,0
P022,0,0,0,0,0,0,0,0,0,0,0,0,0,0,0,0,0,0,0,0,0,3,0.06,0.19,14,0.26,3.69,11,0.16,1.78,4,0.27,1.08,0,0,0,0,0,0,0,0,0,0,0,0,0,0,0,3,0.29,0.88,0,0,0,1,0.09,0.09,0,0,0,0,0,0,0,0,0,0,0,0,0,0,0,0,0,0,0,0,0,0,0,0,0,0,0,0,0,0,0,0,0,0,0,0,0,0,0,0,0,0,0,0,0,0,0,0,0,0,0,0,0,0,0,0,0,0,0,0,0,0,0,0,0,0,3,0.46,1.37,1,1.27,1.27,0,0,0,0,0,0,0,0,0,0,0,0,0,0,0,0,0,0,0,0,0,0,0,0,0,0,0,0,0,0,0,0,0,0,0,0,0,0,0,0,0,0,0,0,0,0,0,0,0,0,0,0,0,0,0,0,0,12,0.34,4.13,7,0.72,5.07,7,1.02,7.12,1,3.35,3.35,0,0,0,0,0,0,0,0,0,0,0,0,0,0,0,0,0,0,0,0,0,0,0,0,0,0,0,0,0,0,0,0,0,2,0.77,1.53,3,0.67,2.01,6,0.47,2.83,6,0.47,2.81,4,0.26,1.02,2,0.24,0.49,4,0.31,1.23,5,0.45,2.27,0,0,0,0,0,0,0,0,0,0,0,0
P024,0,0,0,0,0,0,0,0,0,0,0,0,0,0,0,0,0,0,0,0,0,0,0,0,0,0,0,0,0,0,0,0,0,8,0.33,2.66,13,0.36,4.63,5,0.27,1.35,6,0.48,2.89,0,0,0,0,0,0,0,0,0,0,0,0,0,0,0,0,0,0,0,0,0,0,0,0,0,0,0,0,0,0,0,0,0,0,0,0,1,0.14,0.14,0,0,0,0,0,0,0,0,0,0,0,0,0,0,0,0,0,0,0,0,0,0,0,0,0,0,0,0,0,0,0,0,0,0,0,0,0,0,0,0,0,0,0,0,0,0,0,0,3,0.15,0.45,4,0.37,1.48,2,0.67,1.35,0,0,0,0,0,0,0,0,0,0,0,0,0,0,0,0,0,0,0,0,0,0,0,0,0,0,0,0,0,0,0,0,0,0,0,0,0,0,0,0,0,0,0,0,0,0,0,0,0,0,0,0,0,0,0,0,0,5,1.12,5.62,7,0.7,4.89,4,1.79,7.17,1,0.78,0.78,0,0,0,0,0,0,0,0,0,0,0,0,0,0,0,0,0,0,0,0,0,0,0,0,0,0,0,0,0,0,0,0,0,0,0,0,0,0,0,0,0,0,0,0,0,2,0.85,1.7,2,0.22,0.44,3,0.31,0.92,2,0.26,0.53
P025,1,0.26,0.26,1,0.23,0.23,4,1.65,6.61,5,0.14,0.72,1,0.04,0.04,5,0.23,1.14,2,0.36,0.72,0,0,0,0,0,0,0,0,0,0,0,0,0,0,0,0,0,0,0,0,0,0,0,0,0,0,0,0,0,0,0,0,0,0,0,0,0,0,0,0,0,0,0,0,0,0,0,0,0,0,0,0,0,0,0,0,0,0,0,0,0,0,0,0,0,0,0,0,0,0,0,0,0,0,0,0,0,0,0,0,0,0,0,0,2,0.13,0.27,0,0,0,5,0.04,0.22,0,0,0,0,0,0,0,0,0,0,0,0,0,0,0,0,0,0,0,0,0,0,0,0,0,0,0,0,0,0,0,0,0,0,0,0,0,0,0,17,0.71,12.05,7,1.9,13.28,3,0.89,2.66,4,0.3,1.2,1,0.08,0.08,8,0.23,1.84,12,0.44,5.3,5,0.32,1.62,5,0.53,2.65,11,0.75,8.27,13,0.85,10.99,0,0,0,0,0,0,0,0,0,0,0,0,0,0,0,0,0,0,0,0,0,0,0,0,0,0,0,0,0,0,0,0,0,7,0.29,2.05,5,1.08,5.39,3,1.41,4.22,3,0.59,1.78,0,0,0,0,0,0,0,0,0,0,0,0,0,0,0,0,0,0,0,0,0,0,0,0,0,0,0,0,0,0,0,0,0,0,0,0
P026,0,0,0,0,0,0,0,0,0,0,0,0,0,0,0,0,0,0,0,0,0,0,0,0,0,0,0,0,0,0,0,0,0,0,0,0,0,0,0,0,0,0,0,0,0,0,0,0,0,0,0,0,0,0,0,0,0,0,0,0,0,0,0,0,0,0,0,0,0,0,0,0,0,0,0,0,0,0,0,0,0,0,0,0,0,0,0,0,0,0,0,0,0,7,0.18,1.24,3,0.02,0.06,0,0,0,3,0.06,0.17,0,0,0,0,0,0,0,0,0,0,0,0,0,0,0,0,0,0,0,0,0,0,0,0,0,0,0,0,0,0,0,0,0,0,0,0,14,0.29,4.08,23,0.42,9.6,15,0.47,7.05,21,0.49,10.24,0,0,0,0,0,0,0,0,0,0,0,0,0,0,0,0,0,0,0,0,0,0,0,0,0,0,0,0,0,0,0,0,0,0,0,0,0,0,0,0,0,0,0,0,0,0,0,0,0,0,0,0,0,0,0,0,0,7,0.84,5.88,5,0.52,2.6,9,1.07,9.66,0,0,0,0,0,0,0,0,0,0,0,0,0,0,0,0,0,0,0,0,0,0,0,0,0,0,0,0,0,0,0,0,0,0,0,0,0,0,0,0,0,0,0,0,0,0,0,0
P027,0,0,0,0,0,0,0,0,0,0,0,0,0,0,0,0,0,0,0,0,0,4,0.39,1.56,14,0.28,3.94,3,0.41,1.22,8,0.34,2.72,0,0,0,0,0,0,0,0,0,0,0,0,0,0,0,1,0.1,0.1,0,0,0,1,0.36,0.36,0,0,0,0,0,0,0,0,0,0,0,0,0,0,0,0,0,0,0,0,0,0,0,0,0,0,0,0,0,0,0,0,0,0,0,0,0,0,0,0,0,0,0,0,0,0,0,0,0,0,0,0,0,0,0,0,0,0,0,0,0,0,0,0,0,0,3,0.75,2.25,2,0.99,1.99,0,0,0,0,0,0,0,0,0,0,0,0,0,0,0,0,0,0,0,0,0,0,0,0,0,0,0,0,0,0,0,0,0,0,0,0,0,0,0,0,0,0,0,0,0,0,0,0,0,0,0,0,0,0,0,0,0,10,0.42,4.2,6,0.71,4.28,3,2.03,6.09,1,2.48,2.48,0,0,0,0,0,0,0,0,0,0,0,0,0,0,0,0,0,0,0,0,0,0,0,0,0,0,0,0,0,0,0,0,0,2,0.94,1.89,1,1.04,1.04,5,0.36,1.79,4,0.64,2.58,3,0.73,2.19,3,0.73,2.2,3,0.41,1.23,6,0.43,2.58,0,0,0,0,0,0,0,0,0,0,0,0
P028,1,0.09,0.09,0,0,0,3,1.94,5.82,1,0.01,0.01,0,0,0,3,0.13,0.39,1,0.01,0.01,0,0,0,0,0,0,0,0,0,0,0,0,0,0,0,0,0,0,0,0,0,0,0,0,0,0,0,0,0,0,0,0,0,0,0,0,0,0,0,0,0,0,0,0,0,0,0,0,0,0,0,0,0,0,0,0,0,0,0,0,0,0,0,0,0,0,0,0,0,0,0,0,0,0,0,0,0,0,0,0,0,0,0,0,0,0,0,1,0.2,0.2,4,0.06,0.25,0,0,0,0,0,0,0,0,0,0,0,0,0,0,0,0,0,0,0,0,0,0,0,0,0,0,0,0,0,0,0,0,0,0,0,0,0,0,0,15,1.07,16.02,7,2.23,15.59,5,0.34,1.71,4,0.28,1.12,0,0,0,8,0.24,1.95,17,0.4,6.74,4,0.25,1.01,8,0.58,4.65,14,0.69,9.6,20,0.54,10.84,0,0,0,0,0,0,0,0,0,0,0,0,0,0,0,0,0,0,0,0,0,0,0,0,0,0,0,0,0,0,0,0,0,5,0.24,1.18,6,0.52,3.12,7,0.7,4.9,4,0.51,2.05,0,0,0,0,0,0,0,0,0,0,0,0,0,0,0,0,0,0,0,0,0,0,0,0,0,0,0,0,0,0,0,0,0,0,0,0
P029,0,0,0,0,0,0,0,0,0,0,0,0,0,0,0,0,0,0,0,0,0,2,0.88,1.77,8,0.25,1.97,4,0.34,1.37,3,0.82,2.47,0,0,0,0,0,0,0,0,0,0,0,0,0,0,0,1,0.12,0.12,0,0,0,0,0,0,0,0,0,0,0,0,0,0,0,0,0,0,0,0,0,0,0,0,0,0,0,0,0,0,0,0,0,0,0,0,0,0,0,0,0,0,0,0,0,0,0,0,0,0,0,0,0,0,0,0,0,0,0,0,0,0,0,0,0,0,1,0.22,0.22,1,0.76,0.76,3,0.92,2.75,3,0.84,2.53,0,0,0,0,0,0,0,0,0,0,0,0,0,0,0,0,0,0,0,0,0,0,0,0,0,0,0,0,0,0,0,0,0,0,0,0,0,0,0,0,0,0,0,0,0,0,0,0,0,0,0,0,0,0,0,0,0,11,0.26,2.87,8,0.4,3.18,5,1.31,6.55,2,1.55,3.11,0,0,0,0,0,0,0,0,0,0,0,0,0,0,0,0,0,0,0,0,0,0,0,0,0,0,0,0,0,0,0,0,0,2,1.39,2.78,3,0.44,1.32,5,0.32,1.59,5,0.3,1.5,4,0.74,2.94,5,0.4,2.01,4,0.51,2.05,5,0.49,2.44,0,0,0,0,0,0,0,0,0,0,0,0
P030,2,0.18,0.37,3,0.2,0.6,3,2.04,6.13,1,0.01,0.01,0,0,0,3,0.1,0.31,6,0.14,0.82,0,0,0,0,0,0,0,0,0,0,0,0,0,0,0,0,0,0,0,0,0,0,0,0,0,0,0,0,0,0,0,0,0,0,0,0,0,0,0,0,0,0,0,0,0,0,0,0,0,0,0,0,0,0,0,0,0,0,0,0,0,0,0,0,0,0,0,0,0,0,0,0,0,0,0,0,0,0,0,0,0,0,0,0,0,0,0,1,0.25,0.25,7,0.15,1.05,0,0,0,0,0,0,0,0,0,0,0,0,0,0,0,0,0,0,0,0,0,0,0,0,0,0,0,0,0,0,0,0,0,0,0,0,0,0,0,2,0.67,1.34,10,1.05,10.49,1,1.07,1.07,1,0.15,0.15,0,0,0,7,0.27,1.9,9,0.42,3.79,1,0.27,0.27,1,0.2,0.2,15,0.56,8.39,8,1.47,11.77,0,0,0,0,0,0,0,0,0,0,0,0,0,0,0,0,0,0,0,0,0,0,0,0,0,0,0,0,0,0,0,0,0,6,0.35,2.11,6,0.56,3.33,4,0.32,1.27,3,0.24,0.72,0,0,0,0,0,0,0,0,0,0,0,0,0,0,0,0,0,0,0,0,0,0,0,0,0,0,0,0,0,0,0,0,0,0,0,0
P031,0,0,0,0,0,0,0,0,0,0,0,0,0,0,0,0,0,0,0,0,0,0,0,0,0,0,0,0,0,0,0,0,0,0,0,0,0,0,0,0,0,0,0,0,0,0,0,0,0,0,0,0,0,0,0,0,0,0,0,0,0,0,0,0,0,0,0,0,0,0,0,0,0,0,0,0,0,0,0,0,0,0,0,0,0,0,0,0,0,0,0,0,0,9,0.12,1.04,4,0.13,0.53,2,0.05,0.1,0,0,0,0,0,0,0,0,0,0,0,0,0,0,0,0,0,0,0,0,0,0,0,0,0,0,0,0,0,0,0,0,0,0,0,0,0,0,0,23,0.18,4.14,26,0.31,7.94,18,0.1,1.89,27,0.2,5.46,0,0,0,0,0,0,0,0,0,0,0,0,0,0,0,0,0,0,0,0,0,0,0,0,0,0,0,0,0,0,0,0,0,0,0,0,0,0,0,0,0,0,0,0,0,0,0,0,0,0,0,0,0,0,0,0,0,9,0.21,1.93,2,1.38,2.75,11,0.12,1.32,0,0,0,0,0,0,0,0,0,0,0,0,0,0,0,0,0,0,0,0,0,0,0,0,0,0,0,0,0,0,0,0,0,0,0,0,0,0,0,0,0,0,0,0,0,0,0,0
P032,0,0,0,0,0,0,0,0,0,0,0,0,0,0,0,0,0,0,0,0,0,0,0,0,0,0,0,0,0,0,0,0,0,12,0.22,2.58,11,0.35,3.82,11,0.33,3.59,8,0.24,1.94,0,0,0,0,0,0,0,0,0,0,0,0,2,0.31,0.62,1,0.03,0.03,1,0.24,0.24,1,0.33,0.33,0,0,0,0,0,0,0,0,0,0,0,0,0,0,0,2,0.19,0.39,0,0,0,0,0,0,0,0,0,0,0,0,0,0,0,0,0,0,0,0,0,0,0,0,0,0,0,0,0,0,0,0,0,0,0,0,0,0,0,0,0,0,1,0.31,0.31,2,0.23,0.46,5,0.44,2.2,2,0.35,0.71,0,0,0,0,0,0,0,0,0,0,0,0,0,0,0,0,0,0,0,0,0,0,0,0,0,0,0,0,0,0,0,0,0,0,0,0,0,0,0,0,0,0,0,0,0,0,0,0,0,0,0,0,0,0,0,0,0,10,0.54,5.4,3,1.59,4.78,8,0.84,6.68,1,3.18,3.18,0,0,0,0,0,0,0,0,0,0,0,0,0,0,0,0,0,0,0,0,0,0,0,0,0,0,0,0,0,0,0,0,0,0,0,0,0,0,0,0,0,0,0,0,0,2,1.12,2.25,2,0.44,0.89,4,0.33,1.32,4,0.3,1.18
P033,0,0,0,0,0,0,0,0,0,0,0,0,0,0,0,0,0,0,0,0,0,5,0.23,1.15,2,0.04,0.08,6,0.08,0.46,5,0.14,0.68,0,0,0,0,0,0,0,0,0,0,0,0,2,0.37,0.74,1,1,1,2,0.05,0.09,2,0.23,0.46,0,0,0,0,0,0,0,0,0,0,0,0,0,0,0,0,0,0,0,0,0,0,0,0,0,0,0,0,0,0,0,0,0,0,0,0,0,0,0,0,0,0,0,0,0,0,0,0,0,0,0,0,0,0,0,0,0,0,0,0,2,0.75,1.5,0,0,0,3,0.56,1.67,3,0.66,1.99,0,0,0,0,0,0,0,0,0,0,0,0,0,0,0,0,0,0,0,0,0,0,0,0,0,0,0,0,0,0,0,0,0,0,0,0,0,0,0,0,0,0,0,0,0,0,0,0,0,0,0,0,0,0,0,0,0,5,0.38,1.92,6,0.33,2,4,1.46,5.83,2,0.63,1.26,0,0,0,0,0,0,0,0,0,0,0,0,0,0,0,0,0,0,0,0,0,0,0,0,0,0,0,0,0,0,0,0,0,5,0.51,2.54,4,0.24,0.97,5,0.41,2.05,3,0.4,1.19,7,0.43,2.98,4,0.77,3.08,6,0.32,1.93,7,0.38,2.69,0,0,0,0,0,0,0,0,0,0,0,0
P034,0,0,0,0,0,0,0,0,0,0,0,0,0,0,0,0,0,0,0,0,0,5,0.47,2.37,6,0.27,1.65,4,0.18,0.71,8,0.26,2.1,0,0,0,0,0,0,0,0,0,0,0,0,0,0,0,0,0,0,0,0,0,0,0,0,0,0,0,0,0,0,0,0,0,0,0,0,0,0,0,0,0,0,0,0,0,0,0,0,0,0,0,0,0,0,0,0,0,0,0,0,0,0,0,0,0,0,0,0,0,0,0,0,0,0,0,0,0,0,0,0,0,0,0,0,0,0,0,2,0.25,0.51,4,0.46,1.83,3,0.7,2.11,0,0,0,0,0,0,0,0,0,0,0,0,0,0,0,0,0,0,0,0,0,0,0,0,0,0,0,0,0,0,0,0,0,0,0,0,0,0,0,0,0,0,0,0,0,0,0,0,0,0,0,0,0,0,0,0,0,7,0.8,5.63,8,0.46,3.71,6,1.07,6.45,3,0.76,2.28,0,0,0,0,0,0,0,0,0,0,0,0,0,0,0,0,0,0,0,0,0,0,0,0,0,0,0,0,0,0,0,0,0,3,1,3,3,0.56,1.68,8,0.46,3.69,9,0.27,2.47,5,0.59,2.97,4,0.24,0.94,5,0.33,1.64,9,0.55,4.98,0,0,0,0,0,0,0,0,0,0,0,0
P035,0,0,0,0,0,0,0,0,0,0,0,0,0,0,0,0,0,0,0,0,0,0,0,0,0,0,0,6,0.17,0.99,11,0.31,3.42,0,0,0,0,0,0,0,0,0,0,0,0,0,0,0,0,0,0,1,0.36,0.36,1,0.35,0.35,0,0,0,0,0,0,0,0,0,0,0,0,0,0,0,0,0,0,0,0,0,0,0,0,0,0,0,0,0,0,0,0,0,0,0,0,0,0,0,0,0,0,0,0,0,0,0,0,0,0,0,0,0,0,0,0,0,0,0,0,0,0,0,0,0,0,2,0.59,1.17,2,0.93,1.85,0,0,0,0,0,0,0,0,0,0,0,0,0,0,0,0,0,0,0,0,0,0,0,0,0,0,0,0,0,0,0,0,0,0,0,0,0,0,0,0,0,0,0,0,0,0,0,0,0,0,0,0,0,0,0,0,0,0,0,0,2,0.04,0.08,5,1.19,5.93,1,2.73,2.73,0,0,0,0,0,0,0,0,0,0,0,0,0,0,0,0,0,0,0,0,0,0,0,0,0,0,0,0,0,0,0,0,0,0,0,0,0,0,0,5,0.32,1.59,6,0.5,3.02,0,0,0,0,0,0,3,0.45,1.34,8,0.37,2.98,0,0,0,0,0,0,0,0,0,0,0,0
P036,0,0,0,0,0,0,0,0,0,0,0,0,0,0,0,0,0,0,0,0,0,3,0.23,0.68,6,0.17,1.03,5,0.13,0.67,3,0.16,0.47,0,0,0,0,0,0,0,0,0,0,0,0,0,0,0,3,0.15,0.45,0,0,0,1,0.36,0.36,0,0,0,0,0,0,0,0,0,0,0,0,0,0,0,0,0,0,1,0.21,0.21,0,0,0,0,0,0,0,0,0,0,0,0,0,0,0,0,0,0,0,0,0,0,0,0,0,0,0,0,0,0,0,0,0,0,0,0,0,0,0,1,0.45,0.45,1,0.97,0.97,4,0.41,1.64,2,0.61,1.22,0,0,0,0,0,0,0,0,0,0,0,0,0,0,0,0,0,0,0,0,0,0,0,0,0,0,0,0,0,0,0,0,0,0,0,0,0,0,0,0,0,0,0,0,0,0,0,0,0,0,0,0,0,0,0,0,0,9,0.56,5.06,5,0.93,4.64,5,1.21,6.04,3,1.03,3.1,0,0,0,0,0,0,0,0,0,0,0,0,0,0,0,0,0,0,0,0,0,0,0,0,0,0,0,0,0,0,0,0,0,4,0.64,2.55,2,0.53,1.05,11,0.16,1.73,12,0.27,3.21,5,0.47,2.33,12,0.14,1.72,3,0.26,0.79,4,0.3,1.2,0,0,0,0,0,0,0,0,0,0,0,0
P037,0,0,0,0,0,0,0,0,0,0,0,0,0,0,0,0,0,0,0,0,0,0,0,0,0,0,0,0,0,0,0,0,0,7,0.19,1.32,7,0.32,2.25,5,0.3,1.5,6,0.2,1.17,0,0,0,0,0,0,0,0,0,0,0,0,0,0,0,1,0.18,0.18,0,0,0,0,0,0,0,0,0,0,0,0,0,0,0,0,0,0,0,0,0,0,0,0,1,0.34,0.34,1,0.32,0.32,0,0,0,0,0,0,0,0,0,0,0,0,0,0,0,0,0,0,0,0,0,0,0,0,0,0,0,0,0,0,0,0,0,0,0,0,0,0,0,0,0,0,2,0.35,0.7,1,1.65,1.65,0,0,0,0,0,0,0,0,0,0,0,0,0,0,0,0,0,0,0,0,0,0,0,0,0,0,0,0,0,0,0,0,0,0,0,0,0,0,0,0,0,0,0,0,0,0,0,0,0,0,0,0,0,0,0,0,0,4,0.51,2.05,16,0.12,1.88,7,0.56,3.94,2,0.11,0.23,0,0,0,0,0,0,0,0,0,0,0,0,0,0,0,0,0,0,0,0,0,0,0,0,0,0,0,0,0,0,0,0,0,0,0,0,0,0,0,0,0,0,0,0,0,1,1.63,1.63,0,0,0,2,0.18,0.36,2,0.08,0.16
P038,0,0,0,0,0,0,0,0,0,0,0,0,0,0,0,0,0,0,0,0,0,0,0,0,0,0,0,0,0,0,0,0,0,0,0,0,0,0,0,0,0,0,0,0,0,0,0,0,0,0,0,0,0,0,0,0,0,0,0,0,0,0,0,0,0,0,0,0,0,0,0,0,0,0,0,0,0,0,0,0,0,0,0,0,0,0,0,0,0,0,0,0,0,8,0.18,1.44,5,0.01,0.07,2,0.02,0.03,0,0,0,0,0,0,0,0,0,0,0,0,0,0,0,0,0,0,0,0,0,0,0,0,0,0,0,0,0,0,0,0,0,0,0,0,0,0,0,16,0.3,4.8,24,0.38,9.14,17,0.25,4.28,21,0.4,8.37,0,0,0,0,0,0,0,0,0,0,0,0,0,0,0,0,0,0,0,0,0,0,0,0,0,0,0,0,0,0,0,0,0,0,0,0,0,0,0,0,0,0,0,0,0,0,0,0,0,0,0,0,0,0,0,0,0,4,0.37,1.46,4,0.54,2.16,11,0.45,4.93,0,0,0,0,0,0,0,0,0,0,0,0,0,0,0,0,0,0,0,0,0,0,0,0,0,0,0,0,0,0,0,0,0,0,0,0,0,0,0,0,0,0,0,0,0,0,0,0
P039,0,0,0,0,0,0,0,0,0,0,0,0,0,0,0,0,0,0,0,0,0,0,0,0,0,0,0,0,0,0,0,0,0,0,0,0,0,0,0,0,0,0,0,0,0,0,0,0,0,0,0,0,0,0,0,0,0,0,0,0,0,0,0,0,0,0,0,0,0,0,0,0,0,0,0,0,0,0,0,0,0,0,0,0,0,0,0,0,0,0,0,0,0,7,0.15,1.08,7,0.02,0.16,1,0.03,0.03,0,0,0,0,0,0,0,0,0,0,0,0,0,0,0,0,0,0,0,0,0,0,0,0,0,0,0,0,0,0,0,0,0,0,0,0,0,0,0,15,0.14,2.13,21,0.3,6.28,14,0.38,5.26,17,0.22,3.73,0,0,0,0,0,0,0,0,0,0,0,0,0,0,0,0,0,0,0,0,0,0,0,0,0,0,0,0,0,0,0,0,0,0,0,0,0,0,0,0,0,0,0,0,0,0,0,0,0,0,0,0,0,0,0,0,0,8,0.16,1.27,3,0.74,2.21,6,0.29,1.75,0,0,0,0,0,0,0,0,0,0,0,0,0,0,0,0,0,0,0,0,0,0,0,0,0,0,0,0,0,0,0,0,0,0,0,0,0,0,0,0,0,0,0,0,0,0,0,0
P040,0,0,0,0,0,0,0,0,0,0,0,0,0,0,0,0,0,0,0,0,0,5,0.19,0.97,3,0.22,0.67,4,0.29,1.15,6,0.17,1.02,0,0,0,0,0,0,0,0,0,0,0,0,0,0,0,1,0.26,0.26,1,0.18,0.18,2,0.27,0.53,0,0,0,0,0,0,0,0,0,0,0,0,2,0.03,0.06,0,0,0,0,0,0,0,0,0,0,0,0,0,0,0,0,0,0,0,0,0,0,0,0,0,0,0,0,0,0,0,0,0,0,0,0,0,0,0,0,0,0,0,0,0,2,0.36,0.73,2,0.25,0.5,4,0.61,2.45,2,0.89,1.78,0,0,0,0,0,0,0,0,0,0,0,0,0,0,0,0,0,0,0,0,0,0,0,0,0,0,0,0,0,0,0,0,0,0,0,0,0,0,0,0,0,0,0,0,0,0,0,0,0,0,0,0,0,0,0,0,0,3,0.42,1.26,5,0.8,4.01,3,1.82,5.47,2,1.43,2.85,0,0,0,0,0,0,0,0,0,0,0,0,0,0,0,0,0,0,0,0,0,0,0,0,0,0,0,0,0,0,0,0,0,2,1.14,2.28,3,0.67,2,4,0.65,2.61,7,0.38,2.63,6,0.63,3.8,5,0.44,2.21,4,0.56,2.24,6,0.31,1.88,0,0,0,0,0,0,0,0,0,0,0,0
P041,1,0.77,0.77,0,0,0,5,1.23,6.16,0,0,0,0,0,0,3,0.2,0.61,1,0.03,0.03,0,0,0,0,0,0,0,0,0,0,0,0,0,0,0,0,0,0,0,0,0,0,0,0,0,0,0,0,0,0,0,0,0,0,0,0,0,0,0,0,0,0,0,0,0,0,0,0,0,0,0,0,0,0,0,0,0,0,0,0,0,0,0,0,0,0,0,0,0,0,0,0,0,0,0,0,0,0,0,0,0,0,0,0,1,0.17,0.17,0,0,0,3,0.07,0.2,0,0,0,0,0,0,0,0,0,0,0,0,0,0,0,0,0,0,0,0,0,0,0,0,0,0,0,0,0,0,0,0,0,0,0,0,0,0,0,13,1.23,15.93,8,1.91,15.26,1,1.25,1.25,4,0.32,1.29,0,0,0,4,0.43,1.72,16,0.38,6.05,3,0.22,0.65,5,0.72,3.61,12,0.8,9.6,11,1.35,14.88,0,0,0,0,0,0,0,0,0,0,0,0,0,0,0,0,0,0,0,0,0,0,0,0,0,0,0,0,0,0,0,0,0,4,0.56,2.25,5,0.95,4.77,2,2.66,5.32,3,0.25,0.75,0,0,0,0,0,0,0,0,0,0,0,0,0,0,0,0,0,0,0,0,0,0,0,0,0,0,0,0,0,0,0,0,0,0,0,0
P042,1,0.24,0.24,2,0.43,0.86,5,1.16,5.8,1,0.02,0.02,0,0,0,4,0.11,0.44,1,0.06,0.06,0,0,0,0,0,0,0,0,0,0,0,0,0,0,0,0,0,0,0,0,0,0,0,0,0,0,0,0,0,0,0,0,0,0,0,0,0,0,0,0,0,0,0,0,0,0,0,0,0,0,0,0,0,0,0,0,0,0,0,0,0,0,0,0,0,0,0,0,0,0,0,0,0,0,0,0,0,0,0,0,0,0,0,0,0,0,0,0,0,0,2,0.18,0.36,0,0,0,0,0,0,0,0,0,0,0,0,0,0,0,0,0,0,0,0,0,0,0,0,0,0,0,0,0,0,0,0,0,0,0,0,0,0,0,11,1.07,11.72,10,1.55,15.54,1,0.34,0.34,3,0.2,0.59,0,0,0,5,0.38,1.91,13,0.61,7.99,2,0.22,0.44,2,1.04,2.07,12,0.77,9.2,15,0.9,13.53,0,0,0,0,0,0,0,0,0,0,0,0,0,0,0,0,0,0,0,0,0,0,0,0,0,0,0,0,0,0,0,0,0,2,1.06,2.13,7,0.61,4.28,1,3.73,3.73,3,0.22,0.66,0,0,0,0,0,0,0,0,0,0,0,0,0,0,0,0,0,0,0,0,0,0,0,0,0,0,0,0,0,0,0,0,0,0,0,0
P043,0,0,0,0,0,0,0,0,0,0,0,0,0,0,0,0,0,0,0,0,0,5,0.27,1.35,5,0.3,1.48,7,0.35,2.47,7,0.34,2.41,0,0,0,0,0,0,0,0,0,0,0,0,0,0,0,0,0,0,0,0,0,1,0.37,0.37,0,0,0,0,0,0,0,0,0,0,0,0,1,0.3,0.3,0,0,0,5,0.3,1.48,0,0,0,0,0,0,0,0,0,0,0,0,0,0,0,0,0,0,0,0,0,0,0,0,0,0,0,0,0,0,0,0,0,0,0,0,0,0,0,1,0.45,0.45,1,0.67,0.67,3,0.81,2.42,2,0.79,1.57,0,0,0,0,0,0,0,0,0,0,0,0,0,0,0,0,0,0,0,0,0,0,0,0,0,0,0,0,0,0,0,0,0,0,0,0,0,0,0,0,0,0,0,0,0,0,0,0,0,0,0,0,0,0,0,0,0,6,0.77,4.62,4,1.1,4.4,3,2.35,7.04,3,0.88,2.63,0,0,0,0,0,0,0,0,0,0,0,0,0,0,0,0,0,0,0,0,0,0,0,0,0,0,0,0,0,0,0,0,0,2,1.4,2.8,1,0.3,0.3,9,0.47,4.23,5,0.33,1.64,3,0.8,2.4,2,0.46,0.93,4,0.44,1.75,4,0.62,2.48,0,0,0,0,0,0,0,0,0,0,0,0
P044,2,0.26,0.51,1,0.37,0.37,3,1.85,5.56,0,0,0,0,0,0,1,1.11,1.11,1,0.08,0.08,0,0,0,0,0,0,0,0,0,0,0,0,0,0,0,0,0,0,0,0,0,0,0,0,0,0,0,0,0,0,0,0,0,0,0,0,0,0,0,0,0,0,0,0,0,0,0,0,0,0,0,0,0,0,0,0,0,0,0,0,0,0,0,0,0,0,0,0,0,0,0,0,0,0,0,0,0,0,0,0,0,0,0,0,1,0.2,0.2,0,0,0,2,0.34,0.69,0,0,0,0,0,0,0,0,0,0,0,0,0,0,0,0,0,0,0,0,0,0,0,0,0,0,0,0,0,0,0,0,0,0,0,0,0,0,0,6,2.49,14.91,7,2.13,14.89,2,0.41,0.81,1,0.18,0.18,0,0,0,6,0.34,2.07,7,0.77,5.37,1,0.7,0.7,8,0.53,4.23,14,0.59,8.21,11,1.1,12.11,0,0,0,0,0,0,0,0,0,0,0,0,0,0,0,0,0,0,0,0,0,0,0,0,0,0,0,0,0,0,0,0,0,5,0.65,3.26,6,0.77,4.63,7,0.62,4.34,2,0.87,1.74,0,0,0,0,0,0,0,0,0,0,0,0,0,0,0,0,0,0,0,0,0,0,0,0,0,0,0,0,0,0,0,0,0,0,0,0
P045,2,0.29,0.58,1,0.04,0.04,4,1.41,5.62,0,0,0,0,0,0,2,0.23,0.47,3,0.06,0.19,0,0,0,0,0,0,0,0,0,0,0,0,0,0,0,0,0,0,0,0,0,0,0,0,0,0,0,0,0,0,0,0,0,0,0,0,0,0,0,0,0,0,0,0,0,0,0,0,0,0,0,0,0,0,0,0,0,0,0,0,0,0,0,0,0,0,0,0,0,0,0,0,0,0,0,0,0,0,0,0,0,0,0,0,0,0,0,3,0.22,0.65,3,0.26,0.77,0,0,0,0,0,0,0,0,0,0,0,0,0,0,0,0,0,0,0,0,0,0,0,0,0,0,0,0,0,0,0,0,0,0,0,0,0,0,0,15,0.73,10.89,11,1.18,12.96,1,0.79,0.79,2,0.35,0.71,0,0,0,4,0.44,1.77,11,0.66,7.27,2,0.41,0.82,2,1.41,2.82,12,0.54,6.45,12,1.01,12.17,0,0,0,0,0,0,0,0,0,0,0,0,0,0,0,0,0,0,0,0,0,0,0,0,0,0,0,0,0,0,0,0,0,5,0.58,2.89,3,1.21,3.64,7,0.62,4.37,2,1.41,2.83,0,0,0,0,0,0,0,0,0,0,0,0,0,0,0,0,0,0,0,0,0,0,0,0,0,0,0,0,0,0,0,0,0,0,0,0
P046,0,0,0,0,0,0,0,0,0,0,0,0,0,0,0,0,0,0,0,0,0,0,0,0,0,0,0,0,0,0,0,0,0,0,0,0,0,0,0,0,0,0,0,0,0,0,0,0,0,0,0,0,0,0,0,0,0,0,0,0,0,0,0,0,0,0,0,0,0,0,0,0,0,0,0,0,0,0,0,0,0,0,0,0,0,0,0,0,0,0,0,0,0,8,0.12,0.98,8,0.1,0.79,3,0.04,0.11,1,0.42,0.42,0,0,0,0,0,0,0,0,0,0,0,0,0,0,0,0,0,0,0,0,0,0,0,0,0,0,0,0,0,0,0,0,0,0,0,0,14,0.16,2.2,18,0.36,6.44,18,0.35,6.39,11,0.44,4.89,0,0,0,0,0,0,0,0,0,0,0,0,0,0,0,0,0,0,0,0,0,0,0,0,0,0,0,0,0,0,0,0,0,0,0,0,0,0,0,0,0,0,0,0,0,0,0,0,0,0,0,0,0,0,0,0,0,7,0.89,6.26,3,1.14,3.43,10,0.61,6.08,0,0,0,0,0,0,0,0,0,0,0,0,0,0,0,0,0,0,0,0,0,0,0,0,0,0,0,0,0,0,0,0,0,0,0,0,0,0,0,0,0,0,0,0,0,0,0,0
P048,0,0,0,0,0,0,0,0,0,0,0,0,0,0,0,0,0,0,0,0,0,0,0,0,0,0,0,0,0,0,0,0,0,3,0.11,0.32,3,0.18,0.55,4,0.3,1.2,8,0.19,1.56,0,0,0,0,0,0,0,0,0,0,0,0,0,0,0,0,0,0,0,0,0,0,0,0,0,0,0,0,0,0,0,0,0,0,0,0,1,0.02,0.02,2,0.12,0.23,0,0,0,1,0.13,0.13,0,0,0,0,0,0,0,0,0,0,0,0,0,0,0,0,0,0,0,0,0,0,0,0,0,0,0,0,0,0,0,0,0,0,0,0,1,0.47,0.47,2,0.51,1.03,4,0.69,2.74,4,0.68,2.7,0,0,0,0,0,0,0,0,0,0,0,0,0,0,0,0,0,0,0,0,0,0,0,0,0,0,0,0,0,0,0,0,0,0,0,0,0,0,0,0,0,0,0,0,0,0,0,0,0,0,0,0,0,0,0,0,0,7,0.68,4.77,3,1.1,3.31,6,1.04,6.24,4,0.47,1.89,0,0,0,0,0,0,0,0,0,0,0,0,0,0,0,0,0,0,0,0,0,0,0,0,0,0,0,0,0,0,0,0,0,0,0,0,0,0,0,0,0,0,0,0,0,4,0.7,2.78,4,0.69,2.75,3,0.54,1.62,6,0.42,2.53
P049,0,0,0,0,0,0,0,0,0,0,0,0,0,0,0,0,0,0,0,0,0,0,0,0,0,0,0,0,0,0,0,0,0,0,0,0,0,0,0,0,0,0,0,0,0,0,0,0,0,0,0,0,0,0,0,0,0,0,0,0,0,0,0,0,0,0,0,0,0,0,0,0,0,0,0,0,0,0,0,0,0,0,0,0,0,0,0,0,0,0,0,0,0,9,0.11,1,6,0.07,0.4,3,0.04,0.13,3,0.17,0.51,0,0,0,0,0,0,0,0,0,0,0,0,0,0,0,0,0,0,0,0,0,0,0,0,0,0,0,0,0,0,0,0,0,0,0,0,14,0.23,3.23,14,0.57,7.97,18,0.41,7.43,20,0.38,7.52,0,0,0,0,0,0,0,0,0,0,0,0,0,0,0,0,0,0,0,0,0,0,0,0,0,0,0,0,0,0,0,0,0,0,0,0,0,0,0,0,0,0,0,0,0,0,0,0,0,0,0,0,0,0,0,0,0,9,0.34,3.02,1,1.23,1.23,8,1.08,8.62,0,0,0,0,0,0,0,0,0,0,0,0,0,0,0,0,0,0,0,0,0,0,0,0,0,0,0,0,0,0,0,0,0,0,0,0,0,0,0,0,0,0,0,0,0,0,0,0
P050,0,0,0,0,0,0,3,1.85,5.55,0,0,0,0,0,0,2,0.18,0.36,3,0.15,0.46,0,0,0,0,0,0,0,0,0,0,0,0,0,0,0,0,0,0,0,0,0,0,0,0,0,0,0,0,0,0,0,0,0,0,0,0,0,0,0,0,0,0,0,0,0,0,0,0,0,0,0,0,0,0,0,0,0,0,0,0,0,0,0,0,0,0,0,0,0,0,0,0,0,0,0,0,0,0,0,0,0,0,0,0,2,0.22,0.43,0,0,0,6,0.19,1.14,0,0,0,0,0,0,0,0,0,0,0,0,0,0,0,0,0,0,0,0,0,0,0,0,0,0,0,0,0,0,0,0,0,0,0,0,0,0,0,7,0.52,3.67,11,1.04,11.49,2,0.68,1.36,1,0.54,0.54,0,0,0,4,0.25,0.99,10,0.56,5.56,0,0,0,5,0.33,1.66,14,0.44,6.23,11,0.89,9.78,0,0,0,0,0,0,0,0,0,0,0,0,0,0,0,0,0,0,0,0,0,0,0,0,0,0,0,0,0,0,0,0,0,3,0.35,1.04,8,0.54,4.33,5,0.66,3.3,4,0.33,1.3,0,0,0,0,0,0,0,0,0,0,0,0,0,0,0,0,0,0,0,0,0,0,0,0,0,0,0,0,0,0,0,0,0,0,0,0
P051,2,0.36,0.72,1,0.01,0.01,5,1.28,6.42,0,0,0,0,0,0,2,0.12,0.25,3,0.24,0.71,0,0,0,0,0,0,0,0,0,0,0,0,0,0,0,0,0,0,0,0,0,0,0,0,0,0,0,0,0,0,0,0,0,0,0,0,0,0,0,0,0,0,0,0,0,0,0,0,0,0,0,0,0,0,0,0,0,0,0,0,0,0,0,0,0,0,0,0,0,0,0,0,0,0,0,0,0,0,0,0,0,0,0,0,0,0,0,1,0.26,0.26,3,0.09,0.27,0,0,0,0,0,0,0,0,0,0,0,0,0,0,0,0,0,0,0,0,0,0,0,0,0,0,0,0,0,0,0,0,0,0,0,0,0,0,0,3,0.61,1.83,6,2.46,14.77,2,1.45,2.9,5,0.35,1.73,0,0,0,7,0.37,2.62,9,0.54,4.88,4,0.24,0.94,4,0.67,2.68,13,0.77,9.96,11,1.22,13.43,0,0,0,0,0,0,0,0,0,0,0,0,0,0,0,0,0,0,0,0,0,0,0,0,0,0,0,0,0,0,0,0,0,4,0.41,1.63,5,1.12,5.59,5,0.74,3.68,1,0.43,0.43,0,0,0,0,0,0,0,0,0,0,0,0,0,0,0,0,0,0,0,0,0,0,0,0,0,0,0,0,0,0,0,0,0,0,0,0
P052,0,0,0,0,0,0,0,0,0,0,0,0,0,0,0,0,0,0,0,0,0,0,0,0,0,0,0,0,0,0,0,0,0,6,0.43,2.55,14,0.31,4.28,0,0,0,0,0,0,0,0,0,0,0,0,0,0,0,0,0,0,1,0.21,0.21,0,0,0,0,0,0,0,0,0,0,0,0,0,0,0,0,0,0,0,0,0,1,0.1,0.1,0,0,0,0,0,0,0,0,0,0,0,0,0,0,0,0,0,0,0,0,0,0,0,0,0,0,0,0,0,0,0,0,0,0,0,0,0,0,0,0,0,0,0,0,0,2,0.5,1,2,0.35,0.7,0,0,0,0,0,0,0,0,0,0,0,0,0,0,0,0,0,0,0,0,0,0,0,0,0,0,0,0,0,0,0,0,0,0,0,0,0,0,0,0,0,0,0,0,0,0,0,0,0,0,0,0,0,0,0,0,0,0,0,0,0,0,0,2,1.12,2.23,8,0.34,2.68,9,0.28,2.5,0,0,0,0,0,0,0,0,0,0,0,0,0,0,0,0,0,0,0,0,0,0,0,0,0,0,0,0,0,0,0,0,0,0,0,0,0,0,0,0,0,0,0,0,0,0,0,0,5,0.53,2.65,4,0.22,0.87,2,0.54,1.09,2,0.38,0.76
P053,0,0,0,0,0,0,0,0,0,0,0,0,0,0,0,0,0,0,0,0,0,0,0,0,0,0,0,0,0,0,0,0,0,2,0.04,0.07,2,0.06,0.12,0,0,0,0,0,0,0,0,0,0,0,0,0,0,0,0,0,0,0,0,0,2,0.08,0.17,0,0,0,0,0,0,0,0,0,0,0,0,0,0,0,0,0,0,0,0,0,0,0,0,0,0,0,0,0,0,0,0,0,0,0,0,0,0,0,0,0,0,0,0,0,0,0,0,0,0,0,0,0,0,0,0,0,0,0,0,0,0,0,0,0,0,0,0,0,1,0.03,0.03,5,0.03,0.16,2,0.04,0.08,0,0,0,0,0,0,0,0,0,0,0,0,0,0,0,0,0,0,0,0,0,0,0,0,0,0,0,0,0,0,0,0,0,0,0,0,0,0,0,0,0,0,0,0,0,0,0,0,0,0,0,0,0,0,0,0,0,6,0.09,0.51,3,0.09,0.27,1,0,0,0,0,0,0,0,0,0,0,0,0,0,0,0,0,0,0,0,0,0,0,0,0,0,0,0,0,0,0,0,0,0,0,0,0,0,0,0,0,0,0,0,0,0,0,0,0,0,0,3,0.35,1.06,5,0.05,0.26,8,0.11,0.88,0,0,0
P054,0,0,0,0,0,0,0,0,0,0,0,0,0,0,0,0,0,0,0,0,0,0,0,0,0,0,0,0,0,0,0,0,0,0,0,0,0,0,0,0,0,0,0,0,0,0,0,0,0,0,0,0,0,0,0,0,0,0,0,0,0,0,0,0,0,0,0,0,0,0,0,0,0,0,0,0,0,0,0,0,0,0,0,0,0,0,0,0,0,0,0,0,0,5,0.24,1.19,3,0.09,0.28,1,0.02,0.02,2,0.38,0.75,0,0,0,0,0,0,0,0,0,0,0,0,0,0,0,0,0,0,0,0,0,0,0,0,0,0,0,0,0,0,0,0,0,0,0,0,10,0.25,2.54,10,0.57,5.71,12,0.41,4.94,14,0.26,3.63,0,0,0,0,0,0,0,0,0,0,0,0,0,0,0,0,0,0,0,0,0,0,0,0,0,0,0,0,0,0,0,0,0,0,0,0,0,0,0,0,0,0,0,0,0,0,0,0,0,0,0,0,0,0,0,0,0,6,0.74,4.47,3,0.68,2.04,8,0.47,3.72,0,0,0,0,0,0,0,0,0,0,0,0,0,0,0,0,0,0,0,0,0,0,0,0,0,0,0,0,0,0,0,0,0,0,0,0,0,0,0,0,0,0,0,0,0,0,0,0
P055,2,0.23,0.47,1,0.06,0.06,6,1.01,6.04,0,0,0,0,0,0,2,0.09,0.18,3,0.34,1.02,0,0,0,0,0,0,0,0,0,0,0,0,0,0,0,0,0,0,0,0,0,0,0,0,0,0,0,0,0,0,0,0,0,0,0,0,0,0,0,0,0,0,0,0,0,0,0,0,0,0,0,0,0,0,0,0,0,0,0,0,0,0,0,0,0,0,0,0,0,0,0,0,0,0,0,0,0,0,0,0,0,0,0,0,2,0.4,0.81,3,0.11,0.34,2,0.03,0.06,0,0,0,0,0,0,0,0,0,0,0,0,0,0,0,0,0,0,0,0,0,0,0,0,0,0,0,0,0,0,0,0,0,0,0,0,0,0,0,4,0.2,0.8,4,3.72,14.87,3,0.55,1.64,2,0.14,0.28,2,0.07,0.14,6,0.18,1.08,12,0.39,4.73,3,0.12,0.35,3,0.5,1.5,11,0.87,9.58,14,0.86,12,0,0,0,0,0,0,0,0,0,0,0,0,0,0,0,0,0,0,0,0,0,0,0,0,0,0,0,0,0,0,0,0,0,4,0.32,1.27,5,0.99,4.94,4,0.84,3.36,3,0.56,1.67,0,0,0,0,0,0,0,0,0,0,0,0,0,0,0,0,0,0,0,0,0,0,0,0,0,0,0,0,0,0,0,0,0,0,0,0
P056,3,0.39,1.18,0,0,0,4,1.58,6.34,1,0.25,0.25,0,0,0,5,0.16,0.8,2,0.44,0.89,0,0,0,0,0,0,0,0,0,0,0,0,0,0,0,0,0,0,0,0,0,0,0,0,0,0,0,0,0,0,0,0,0,0,0,0,0,0,0,0,0,0,0,0,0,0,0,0,0,0,0,0,0,0,0,0,0,0,0,0,0,0,0,0,0,0,0,0,0,0,0,0,0,0,0,0,0,0,0,0,0,0,0,0,0,0,0,1,0.12,0.12,1,0.19,0.19,0,0,0,0,0,0,0,0,0,0,0,0,0,0,0,0,0,0,0,0,0,0,0,0,0,0,0,0,0,0,0,0,0,0,0,0,0,0,0,12,0.91,10.87,5,2.51,12.57,1,0.36,0.36,5,0.45,2.24,0,0,0,5,0.31,1.56,10,0.47,4.67,3,0.64,1.91,4,1.26,5.03,11,0.75,8.29,15,0.61,9.21,0,0,0,0,0,0,0,0,0,0,0,0,0,0,0,0,0,0,0,0,0,0,0,0,0,0,0,0,0,0,0,0,0,2,0.54,1.07,5,0.53,2.64,4,1.63,6.52,1,0.25,0.25,0,0,0,0,0,0,0,0,0,0,0,0,0,0,0,0,0,0,0,0,0,0,0,0,0,0,0,0,0,0,0,0,0,0,0,0
P057,0,0,0,0,0,0,0,0,0,0,0,0,0,0,0,0,0,0,0,0,0,0,0,0,0,0,0,0,0,0,0,0,0,0,0,0,0,0,0,0,0,0,0,0,0,0,0,0,0,0,0,0,0,0,0,0,0,0,0,0,0,0,0,0,0,0,0,0,0,0,0,0,0,0,0,0,0,0,0,0,0,0,0,0,0,0,0,0,0,0,0,0,0,3,0.17,0.5,6,0.17,0.99,0,0,0,2,0.09,0.19,0,0,0,0,0,0,0,0,0,0,0,0,0,0,0,0,0,0,0,0,0,0,0,0,0,0,0,0,0,0,0,0,0,0,0,0,7,0.22,1.55,13,0.35,4.49,11,0.19,2.08,14,0.46,6.4,0,0,0,0,0,0,0,0,0,0,0,0,0,0,0,0,0,0,0,0,0,0,0,0,0,0,0,0,0,0,0,0,0,0,0,0,0,0,0,0,0,0,0,0,0,0,0,0,0,0,0,0,0,0,0,0,0,2,2.19,4.39,2,0.81,1.62,2,1.14,2.28,0,0,0,0,0,0,0,0,0,0,0,0,0,0,0,0,0,0,0,0,0,0,0,0,0,0,0,0,0,0,0,0,0,0,0,0,0,0,0,0,0,0,0,0,0,0,0,0
P058,3,0.09,0.26,1,0.26,0.26,4,1.46,5.82,1,0.1,0.1,0,0,0,4,0.07,0.28,2,0.07,0.14,0,0,0,0,0,0,0,0,0,0,0,0,0,0,0,0,0,0,0,0,0,0,0,0,0,0,0,0,0,0,0,0,0,0,0,0,0,0,0,0,0,0,0,0,0,0,0,0,0,0,0,0,0,0,0,0,0,0,0,0,0,0,0,0,0,0,0,0,0,0,0,0,0,0,0,0,0,0,0,0,0,0,0,0,2,0.12,0.23,0,0,0,5,0.04,0.22,0,0,0,0,0,0,0,0,0,0,0,0,0,0,0,0,0,0,0,0,0,0,0,0,0,0,0,0,0,0,0,0,0,0,0,0,0,0,0,15,0.57,8.56,8,1.71,13.72,2,0.24,0.49,4,0.44,1.76,2,0.07,0.14,8,0.29,2.32,19,0.26,5.01,2,0.54,1.08,3,1.38,4.14,16,0.43,6.8,13,0.82,10.65,0,0,0,0,0,0,0,0,0,0,0,0,0,0,0,0,0,0,0,0,0,0,0,0,0,0,0,0,0,0,0,0,0,6,0.38,2.29,5,0.19,0.95,5,0.55,2.75,4,0.42,1.67,0,0,0,0,0,0,0,0,0,0,0,0,0,0,0,0,0,0,0,0,0,0,0,0,0,0,0,0,0,0,0,0,0,0,0,0
P059,0,0,0,0,0,0,0,0,0,0,0,0,0,0,0,0,0,0,0,0,0,5,0.08,0.42,12,0.22,2.6,10,0.4,4.04,10,0.27,2.7,0,0,0,0,0,0,0,0,0,0,0,0,1,0.07,0.07,1,0.11,0.11,1,0.02,0.02,0,0,0,0,0,0,0,0,0,0,0,0,0,0,0,1,0.11,0.11,1,0.27,0.27,2,0.15,0.29,1,0.26,0.26,0,0,0,0,0,0,0,0,0,0,0,0,0,0,0,0,0,0,0,0,0,0,0,0,0,0,0,0,0,0,0,0,0,0,0,0,1,0.47,0.47,1,0.56,0.56,4,0.48,1.92,2,0.88,1.77,0,0,0,0,0,0,0,0,0,0,0,0,0,0,0,0,0,0,0,0,0,0,0,0,0,0,0,0,0,0,0,0,0,0,0,0,0,0,0,0,0,0,0,0,0,0,0,0,0,0,0,0,0,0,0,0,0,9,0.35,3.13,8,0.51,4.06,4,1.75,7,1,2.74,2.74,0,0,0,0,0,0,0,0,0,0,0,0,0,0,0,0,0,0,0,0,0,0,0,0,0,0,0,0,0,0,0,0,0,3,0.87,2.62,3,0.53,1.6,5,0.72,3.58,5,0.26,1.29,4,0.52,2.06,3,0.22,0.65,4,0.41,1.66,6,0.43,2.58,0,0,0,0,0,0,0,0,0,0,0,0
P060,0,0,0,0,0,0,0,0,0,0,0,0,0,0,0,0,0,0,0,0,0,0,0,0,0,0,0,0,0,0,0,0,0,0,0,0,0,0,0,0,0,0,0,0,0,0,0,0,0,0,0,0,0,0,0,0,0,0,0,0,0,0,0,0,0,0,0,0,0,0,0,0,0,0,0,0,0,0,0,0,0,0,0,0,0,0,0,0,0,0,0,0,0,10,0.1,0.98,6,0.1,0.61,0,0,0,3,0.15,0.44,0,0,0,0,0,0,0,0,0,0,0,0,0,0,0,0,0,0,0,0,0,0,0,0,0,0,0,0,0,0,0,0,0,0,0,0,17,0.24,4.08,13,0.4,5.24,17,0.35,5.88,20,0.39,7.78,0,0,0,0,0,0,0,0,0,0,0,0,0,0,0,0,0,0,0,0,0,0,0,0,0,0,0,0,0,0,0,0,0,0,0,0,0,0,0,0,0,0,0,0,0,0,0,0,0,0,0,0,0,0,0,0,0,6,0.84,5.04,2,1.56,3.13,15,0.54,8.07,0,0,0,0,0,0,0,0,0,0,0,0,0,0,0,0,0,0,0,0,0,0,0,0,0,0,0,0,0,0,0,0,0,0,0,0,0,0,0,0,0,0,0,0,0,0,0,0
P061,0,0,0,0,0,0,0,0,0,0,0,0,0,0,0,0,0,0,0,0,0,0,0,0,0,0,0,0,0,0,0,0,0,0,0,0,0,0,0,0,0,0,0,0,0,0,0,0,0,0,0,0,0,0,0,0,0,0,0,0,0,0,0,0,0,0,0,0,0,0,0,0,0,0,0,0,0,0,0,0,0,0,0,0,0,0,0,0,0,0,0,0,0,8,0.1,0.76,5,0.16,0.81,2,0.02,0.03,1,0.13,0.13,0,0,0,0,0,0,0,0,0,0,0,0,0,0,0,0,0,0,0,0,0,0,0,0,0,0,0,0,0,0,0,0,0,0,0,0,9,0.25,2.21,20,0.47,9.36,19,0.39,7.44,21,0.38,8.05,0,0,0,0,0,0,0,0,0,0,0,0,0,0,0,0,0,0,0,0,0,0,0,0,0,0,0,0,0,0,0,0,0,0,0,0,0,0,0,0,0,0,0,0,0,0,0,0,0,0,0,0,0,0,0,0,0,12,0.26,3.16,3,0.45,1.35,13,0.76,9.86,0,0,0,0,0,0,0,0,0,0,0,0,0,0,0,0,0,0,0,0,0,0,0,0,0,0,0,0,0,0,0,0,0,0,0,0,0,0,0,0,0,0,0,0,0,0,0,0
P062,0,0,0,0,0,0,0,0,0,0,0,0,0,0,0,0,0,0,0,0,0,0,0,0,0,0,0,0,0,0,0,0,0,0,0,0,0,0,0,0,0,0,0,0,0,0,0,0,0,0,0,0,0,0,0,0,0,0,0,0,0,0,0,0,0,0,0,0,0,0,0,0,0,0,0,0,0,0,0,0,0,0,0,0,0,0,0,0,0,0,0,0,0,9,0.13,1.19,11,0.04,0.48,1,0.03,0.03,2,0.49,0.97,0,0,0,0,0,0,0,0,0,0,0,0,0,0,0,0,0,0,0,0,0,0,0,0,0,0,0,0,0,0,0,0,0,0,0,0,11,0.17,1.86,16,0.37,5.99,17,0.37,6.35,19,0.2,3.89,0,0,0,0,0,0,0,0,0,0,0,0,0,0,0,0,0,0,0,0,0,0,0,0,0,0,0,0,0,0,0,0,0,0,0,0,0,0,0,0,0,0,0,0,0,0,0,0,0,0,0,0,0,0,0,0,0,7,0.82,5.72,2,0.69,1.38,10,0.73,7.3,0,0,0,0,0,0,0,0,0,0,0,0,0,0,0,0,0,0,0,0,0,0,0,0,0,0,0,0,0,0,0,0,0,0,0,0,0,0,0,0,0,0,0,0,0,0,0,0
P064,0,0,0,0,0,0,0,0,0,0,0,0,0,0,0,0,0,0,0,0,0,0,0,0,0,0,0,0,0,0,0,0,0,0,0,0,0,0,0,0,0,0,0,0,0,0,0,0,0,0,0,0,0,0,0,0,0,0,0,0,0,0,0,0,0,0,0,0,0,0,0,0,0,0,0,0,0,0,0,0,0,0,0,0,0,0,0,0,0,0,0,0,0,11,0.12,1.32,7,0.01,0.08,1,0.04,0.04,1,0.07,0.07,0,0,0,0,0,0,0,0,0,0,0,0,0,0,0,0,0,0,0,0,0,0,0,0,0,0,0,0,0,0,0,0,0,0,0,0,22,0.22,4.91,27,0.37,10,16,0.37,5.85,20,0.32,6.49,0,0,0,0,0,0,0,0,0,0,0,0,0,0,0,0,0,0,0,0,0,0,0,0,0,0,0,0,0,0,0,0,0,0,0,0,0,0,0,0,0,0,0,0,0,0,0,0,0,0,0,0,0,0,0,0,0,8,0.61,4.9,2,0.71,1.43,12,0.56,6.67,0,0,0,0,0,0,0,0,0,0,0,0,0,0,0,0,0,0,0,0,0,0,0,0,0,0,0,0,0,0,0,0,0,0,0,0,0,0,0,0,0,0,0,0,0,0,0,0
P065,0,0,0,0,0,0,0,0,0,0,0,0,0,0,0,0,0,0,0,0,0,0,0,0,0,0,0,0,0,0,0,0,0,0,0,0,0,0,0,0,0,0,0,0,0,0,0,0,0,0,0,0,0,0,0,0,0,0,0,0,0,0,0,0,0,0,0,0,0,0,0,0,0,0,0,0,0,0,0,0,0,0,0,0,0,0,0,0,0,0,0,0,0,11,0.12,1.29,4,0.23,0.92,2,0.05,0.1,1,0,0,0,0,0,0,0,0,0,0,0,0,0,0,0,0,0,0,0,0,0,0,0,0,0,0,0,0,0,0,0,0,0,0,0,0,0,0,16,0.2,3.23,31,0.41,12.83,25,0.31,7.83,23,0.49,11.17,0,0,0,0,0,0,0,0,0,0,0,0,0,0,0,0,0,0,0,0,0,0,0,0,0,0,0,0,0,0,0,0,0,0,0,0,0,0,0,0,0,0,0,0,0,0,0,0,0,0,0,0,0,0,0,0,0,7,0.18,1.27,2,0.46,0.92,10,0.56,5.56,0,0,0,0,0,0,0,0,0,0,0,0,0,0,0,0,0,0,0,0,0,0,0,0,0,0,0,0,0,0,0,0,0,0,0,0,0,0,0,0,0,0,0,0,0,0,0,0
P066,3,0.04,0.13,1,0.07,0.07,4,1.41,5.63,1,0.09,0.09,1,0.19,0.19,3,0.14,0.42,1,0.02,0.02,0,0,0,0,0,0,0,0,0,0,0,0,0,0,0,0,0,0,0,0,0,0,0,0,0,0,0,0,0,0,0,0,0,0,0,0,0,0,0,0,0,0,0,0,0,0,0,0,0,0,0,0,0,0,0,0,0,0,0,0,0,0,0,0,0,0,0,0,0,0,0,0,0,0,0,0,0,0,0,0,0,0,0,0,1,0.23,0.23,0,0,0,3,0.05,0.16,0,0,0,0,0,0,0,0,0,0,0,0,0,0,0,0,0,0,0,0,0,0,0,0,0,0,0,0,0,0,0,0,0,0,0,0,0,0,0,14,0.71,9.98,11,1.23,13.5,4,0.45,1.82,5,0.29,1.47,1,0.22,0.22,6,0.26,1.53,18,0.32,5.76,1,0.08,0.08,6,0.61,3.64,13,0.75,9.76,15,0.72,10.87,0,0,0,0,0,0,0,0,0,0,0,0,0,0,0,0,0,0,0,0,0,0,0,0,0,0,0,0,0,0,0,0,0,8,0.3,2.4,5,0.83,4.15,9,0.44,3.98,1,0.34,0.34,0,0,0,0,0,0,0,0,0,0,0,0,0,0,0,0,0,0,0,0,0,0,0,0,0,0,0,0,0,0,0,0,0,0,0,0
P067,0,0,0,0,0,0,0,0,0,0,0,0,0,0,0,0,0,0,0,0,0,0,0,0,0,0,0,9,0.42,3.78,4,0.43,1.73,0,0,0,0,0,0,0,0,0,0,0,0,0,0,0,0,0,0,1,0.56,0.56,1,0.94,0.94,0,0,0,0,0,0,0,0,0,0,0,0,0,0,0,0,0,0,0,0,0,0,0,0,0,0,0,0,0,0,0,0,0,0,0,0,0,0,0,0,0,0,0,0,0,0,0,0,0,0,0,0,0,0,0,0,0,0,0,0,0,0,0,0,0,0,1,0.85,0.85,0,0,0,0,0,0,0,0,0,0,0,0,0,0,0,0,0,0,0,0,0,0,0,0,0,0,0,0,0,0,0,0,0,0,0,0,0,0,0,0,0,0,0,0,0,0,0,0,0,0,0,0,0,0,0,0,0,0,0,0,5,0.51,2.57,1,0.44,0.44,4,1.67,6.67,0,0,0,0,0,0,0,0,0,0,0,0,0,0,0,0,0,0,0,0,0,0,0,0,0,0,0,0,0,0,0,0,0,0,0,0,1,1.08,1.08,0,0,0,6,0.47,2.81,0,0,0,0,0,0,0,0,0,1,0.73,0.73,0,0,0,0,0,0,0,0,0,0,0,0,0,0,0
P069,0,0,0,0,0,0,0,0,0,0,0,0,0,0,0,0,0,0,0,0,0,0,0,0,0,0,0,0,0,0,0,0,0,7,0.47,3.26,9,0.29,2.59,8,0.35,2.83,7,0.21,1.48,0,0,0,0,0,0,0,0,0,0,0,0,1,0.27,0.27,1,0.31,0.31,1,0.17,0.17,0,0,0,0,0,0,0,0,0,0,0,0,0,0,0,0,0,0,0,0,0,0,0,0,0,0,0,0,0,0,0,0,0,0,0,0,0,0,0,0,0,0,0,0,0,0,0,0,0,0,0,0,0,0,0,0,0,0,0,0,0,0,0,2,0.15,0.3,2,0.86,1.72,3,0.84,2.51,3,0.7,2.11,0,0,0,0,0,0,0,0,0,0,0,0,0,0,0,0,0,0,0,0,0,0,0,0,0,0,0,0,0,0,0,0,0,0,0,0,0,0,0,0,0,0,0,0,0,0,0,0,0,0,0,0,0,0,0,0,0,7,0.66,4.6,5,0.89,4.47,7,0.84,5.9,3,0.48,1.44,0,0,0,0,0,0,0,0,0,0,0,0,0,0,0,0,0,0,0,0,0,0,0,0,0,0,0,0,0,0,0,0,0,0,0,0,0,0,0,0,0,0,0,0,0,9,0.5,4.53,8,0.29,2.34,5,0.37,1.85,15,0.33,4.91
P070,0,0,0,0,0,0,0,0,0,0,0,0,0,0,0,0,0,0,0,0,0,0,0,0,0,0,0,0,0,0,0,0,0,0,0,0,0,0,0,0,0,0,0,0,0,0,0,0,0,0,0,0,0,0,0,0,0,0,0,0,0,0,0,0,0,0,0,0,0,0,0,0,0,0,0,0,0,0,0,0,0,0,0,0,0,0,0,0,0,0,0,0,0,9,0.1,0.91,7,0.13,0.88,0,0,0,1,0.24,0.24,0,0,0,0,0,0,0,0,0,0,0,0,0,0,0,0,0,0,0,0,0,0,0,0,0,0,0,0,0,0,0,0,0,0,0,0,29,0.19,5.6,25,0.28,6.91,9,0.1,0.89,22,0.25,5.56,0,0,0,0,0,0,0,0,0,0,0,0,0,0,0,0,0,0,0,0,0,0,0,0,0,0,0,0,0,0,0,0,0,0,0,0,0,0,0,0,0,0,0,0,0,0,0,0,0,0,0,0,0,0,0,0,0,11,0.06,0.68,6,0.56,3.38,6,0.42,2.54,0,0,0,0,0,0,0,0,0,0,0,0,0,0,0,0,0,0,0,0,0,0,0,0,0,0,0,0,0,0,0,0,0,0,0,0,0,0,0,0,0,0,0,0,0,0,0,0
P071,1,0.19,0.19,1,0.64,0.64,4,1.57,6.27,0,0,0,0,0,0,2,0.11,0.23,6,0.17,1,0,0,0,0,0,0,0,0,0,0,0,0,0,0,0,0,0,0,0,0,0,0,0,0,0,0,0,0,0,0,0,0,0,0,0,0,0,0,0,0,0,0,0,0,0,0,0,0,0,0,0,0,0,0,0,0,0,0,0,0,0,0,0,0,0,0,0,0,0,0,0,0,0,0,0,0,0,0,0,0,0,0,0,0,4,0.28,1.12,3,0.04,0.13,2,0.02,0.04,0,0,0,0,0,0,0,0,0,0,0,0,0,0,0,0,0,0,0,0,0,0,0,0,0,0,0,0,0,0,0,0,0,0,0,0,0,0,0,2,0.35,0.7,7,1.35,9.42,3,0.46,1.38,1,0.29,0.29,0,0,0,7,0.3,2.1,11,0.32,3.57,0,0,0,0,0,0,13,0.64,8.32,13,0.92,11.95,0,0,0,0,0,0,0,0,0,0,0,0,0,0,0,0,0,0,0,0,0,0,0,0,0,0,0,0,0,0,0,0,0,3,0.42,1.26,5,0.95,4.76,4,0.62,2.49,3,0.63,1.88,0,0,0,0,0,0,0,0,0,0,0,0,0,0,0,0,0,0,0,0,0,0,0,0,0,0,0,0,0,0,0,0,0,0,0,0
P072,0,0,0,0,0,0,0,0,0,0,0,0,0,0,0,0,0,0,0,0,0,0,0,0,0,0,0,0,0,0,0,0,0,0,0,0,0,0,0,0,0,0,0,0,0,0,0,0,0,0,0,0,0,0,0,0,0,0,0,0,0,0,0,0,0,0,0,0,0,0,0,0,0,0,0,0,0,0,0,0,0,0,0,0,0,0,0,0,0,0,0,0,0,11,0.17,1.91,8,0.07,0.54,1,0.01,0.01,1,0.39,0.39,0,0,0,0,0,0,0,0,0,0,0,0,0,0,0,0,0,0,0,0,0,0,0,0,0,0,0,0,0,0,0,0,0,0,0,0,22,0.17,3.68,18,0.28,5.09,18,0.33,5.94,21,0.2,4.17,0,0,0,0,0,0,0,0,0,0,0,0,0,0,0,0,0,0,0,0,0,0,0,0,0,0,0,0,0,0,0,0,0,0,0,0,0,0,0,0,0,0,0,0,0,0,0,0,0,0,0,0,0,0,0,0,0,4,1.28,5.14,4,0.39,1.55,8,0.76,6.05,0,0,0,0,0,0,0,0,0,0,0,0,0,0,0,0,0,0,0,0,0,0,0,0,0,0,0,0,0,0,0,0,0,0,0,0,0,0,0,0,0,0,0,0,0,0,0,0
P073,0,0,0,0,0,0,0,0,0,0,0,0,0,0,0,0,0,0,0,0,0,0,0,0,0,0,0,0,0,0,0,0,0,4,0.37,1.47,7,0.32,2.22,8,0.29,2.33,9,0.3,2.7,0,0,0,0,0,0,0,0,0,0,0,0,0,0,0,0,0,0,0,0,0,0,0,0,0,0,0,0,0,0,0,0,0,0,0,0,1,0.41,0.41,1,0.49,0.49,2,0.32,0.64,0,0,0,0,0,0,0,0,0,0,0,0,0,0,0,0,0,0,0,0,0,0,0,0,0,0,0,0,0,0,0,0,0,0,0,0,0,0,0,2,0.44,0.88,2,0.3,0.6,4,0.51,2.04,4,0.52,2.08,0,0,0,0,0,0,0,0,0,0,0,0,0,0,0,0,0,0,0,0,0,0,0,0,0,0,0,0,0,0,0,0,0,0,0,0,0,0,0,0,0,0,0,0,0,0,0,0,0,0,0,0,0,0,0,0,0,4,0.54,2.15,8,0.18,1.43,11,0.31,3.39,2,0.26,0.52,0,0,0,0,0,0,0,0,0,0,0,0,0,0,0,0,0,0,0,0,0,0,0,0,0,0,0,0,0,0,0,0,0,0,0,0,0,0,0,0,0,0,0,0,0,2,1.07,2.14,3,0.22,0.67,6,0.19,1.17,5,0.46,2.32
P074,1,0.28,0.28,1,0.52,0.52,3,1.9,5.69,0,0,0,0,0,0,4,0.15,0.59,2,0.16,0.31,0,0,0,0,0,0,0,0,0,0,0,0,0,0,0,0,0,0,0,0,0,0,0,0,0,0,0,0,0,0,0,0,0,0,0,0,0,0,0,0,0,0,0,0,0,0,0,0,0,0,0,0,0,0,0,0,0,0,0,0,0,0,0,0,0,0,0,0,0,0,0,0,0,0,0,0,0,0,0,0,0,0,0,0,3,0.32,0.97,2,0.17,0.35,1,0.14,0.14,0,0,0,0,0,0,0,0,0,0,0,0,0,0,0,0,0,0,0,0,0,0,0,0,0,0,0,0,0,0,0,0,0,0,0,0,0,0,0,17,0.85,14.44,6,1.97,11.79,1,0.14,0.14,3,0.16,0.47,0,0,0,4,0.58,2.3,12,0.44,5.3,3,0.75,2.24,7,1.04,7.3,11,0.9,9.95,11,0.58,6.35,0,0,0,0,0,0,0,0,0,0,0,0,0,0,0,0,0,0,0,0,0,0,0,0,0,0,0,0,0,0,0,0,0,3,0.77,2.31,4,1.01,4.05,4,1.11,4.46,2,0.94,1.88,0,0,0,0,0,0,0,0,0,0,0,0,0,0,0,0,0,0,0,0,0,0,0,0,0,0,0,0,0,0,0,0,0,0,0,0
P075,1,0.47,0.47,1,0.22,0.22,3,1.85,5.54,0,0,0,2,0.21,0.41,2,0.41,0.81,0,0,0,0,0,0,0,0,0,0,0,0,0,0,0,0,0,0,0,0,0,0,0,0,0,0,0,0,0,0,0,0,0,0,0,0,0,0,0,0,0,0,0,0,0,0,0,0,0,0,0,0,0,0,0,0,0,0,0,0,0,0,0,0,0,0,0,0,0,0,0,0,0,0,0,0,0,0,0,0,0,0,0,0,0,0,0,1,0.34,0.34,1,0.35,0.35,3,0.19,0.58,0,0,0,0,0,0,0,0,0,0,0,0,0,0,0,0,0,0,0,0,0,0,0,0,0,0,0,0,0,0,0,0,0,0,0,0,0,0,0,9,1.86,16.77,11,1.21,13.28,2,0.17,0.33,3,0.68,2.05,1,0,0,4,0.33,1.34,17,0.4,6.88,2,0.85,1.71,5,1.09,5.43,10,0.86,8.65,11,0.92,10.17,0,0,0,0,0,0,0,0,0,0,0,0,0,0,0,0,0,0,0,0,0,0,0,0,0,0,0,0,0,0,0,0,0,4,0.67,2.68,6,0.69,4.14,2,2.12,4.25,2,0.35,0.71,0,0,0,0,0,0,0,0,0,0,0,0,0,0,0,0,0,0,0,0,0,0,0,0,0,0,0,0,0,0,0,0,0,0,0,0
P076,0,0,0,0,0,0,0,0,0,0,0,0,0,0,0,0,0,0,0,0,0,0,0,0,0,0,0,0,0,0,0,0,0,1,2.25,2.25,7,0.15,1.03,3,0.26,0.77,1,0.17,0.17,0,0,0,0,0,0,0,0,0,0,0,0,0,0,0,0,0,0,0,0,0,0,0,0,0,0,0,0,0,0,0,0,0,0,0,0,0,0,0,0,0,0,1,0.05,0.05,1,0.07,0.07,0,0,0,0,0,0,0,0,0,0,0,0,0,0,0,0,0,0,0,0,0,0,0,0,0,0,0,0,0,0,0,0,0,0,0,0,1,0.15,0.15,2,0.12,0.23,3,0.46,1.37,3,0.48,1.45,0,0,0,0,0,0,0,0,0,0,0,0,0,0,0,0,0,0,0,0,0,0,0,0,0,0,0,0,0,0,0,0,0,0,0,0,0,0,0,0,0,0,0,0,0,0,0,0,0,0,0,0,0,0,0,0,0,5,0.71,3.57,5,0.16,0.79,6,0.6,3.59,2,1.49,2.98,0,0,0,0,0,0,0,0,0,0,0,0,0,0,0,0,0,0,0,0,0,0,0,0,0,0,0,0,0,0,0,0,0,0,0,0,0,0,0,0,0,0,0,0,0,3,0.44,1.32,7,0.28,1.93,3,0.76,2.28,4,0.28,1.1
P077,2,0.38,0.76,0,0,0,3,1.83,5.48,1,0.51,0.51,0,0,0,2,0.28,0.57,0,0,0,0,0,0,0,0,0,0,0,0,0,0,0,0,0,0,0,0,0,0,0,0,0,0,0,0,0,0,0,0,0,0,0,0,0,0,0,0,0,0,0,0,0,0,0,0,0,0,0,0,0,0,0,0,0,0,0,0,0,0,0,0,0,0,0,0,0,0,0,0,0,0,0,0,0,0,0,0,0,0,0,0,0,0,0,0,0,0,3,0.17,0.5,2,0.05,0.1,0,0,0,0,0,0,0,0,0,0,0,0,0,0,0,0,0,0,0,0,0,0,0,0,0,0,0,0,0,0,0,0,0,0,0,0,0,0,0,19,0.65,12.28,7,2.15,15.03,1,0.03,0.03,4,0.35,1.39,0,0,0,5,0.34,1.68,5,0.64,3.21,3,0.58,1.74,7,0.6,4.22,10,0.85,8.53,9,0.89,8.02,0,0,0,0,0,0,0,0,0,0,0,0,0,0,0,0,0,0,0,0,0,0,0,0,0,0,0,0,0,0,0,0,0,5,0.13,0.63,4,0.95,3.78,4,0.71,2.82,1,0.03,0.03,0,0,0,0,0,0,0,0,0,0,0,0,0,0,0,0,0,0,0,0,0,0,0,0,0,0,0,0,0,0,0,0,0,0,0,0
P078,0,0,0,0,0,0,0,0,0,0,0,0,0,0,0,0,0,0,0,0,0,0,0,0,0,0,0,0,0,0,0,0,0,9,0.35,3.16,7,0.15,1.02,3,0.45,1.36,10,0.43,4.26,0,0,0,0,0,0,0,0,0,0,0,0,1,0.04,0.04,0,0,0,0,0,0,0,0,0,0,0,0,0,0,0,0,0,0,0,0,0,0,0,0,0,0,0,0,0,0,0,0,0,0,0,0,0,0,0,0,0,0,0,0,0,0,0,0,0,0,0,0,0,0,0,0,0,0,0,0,0,0,0,0,0,0,0,0,0,1,0.4,0.4,1,0.69,0.69,2,0.58,1.17,3,0.82,2.46,0,0,0,0,0,0,0,0,0,0,0,0,0,0,0,0,0,0,0,0,0,0,0,0,0,0,0,0,0,0,0,0,0,0,0,0,0,0,0,0,0,0,0,0,0,0,0,0,0,0,0,0,0,0,0,0,0,4,1.69,6.78,7,0.7,4.89,3,2.46,7.38,4,0.69,2.78,0,0,0,0,0,0,0,0,0,0,0,0,0,0,0,0,0,0,0,0,0,0,0,0,0,0,0,0,0,0,0,0,0,0,0,0,0,0,0,0,0,0,0,0,0,6,0.7,4.18,2,0.23,0.45,1,0.28,0.28,7,0.59,4.14
P079,0,0,0,0,0,0,0,0,0,0,0,0,0,0,0,0,0,0,0,0,0,0,0,0,0,0,0,0,0,0,0,0,0,2,0.72,1.45,12,0.22,2.58,4,0.49,1.95,11,0.21,2.32,0,0,0,0,0,0,0,0,0,0,0,0,0,0,0,3,0.25,0.76,0,0,0,0,0,0,0,0,0,0,0,0,0,0,0,0,0,0,0,0,0,1,0.1,0.1,0,0,0,0,0,0,0,0,0,0,0,0,0,0,0,0,0,0,0,0,0,0,0,0,0,0,0,0,0,0,0,0,0,0,0,0,0,0,0,0,0,0,0,0,0,3,0.39,1.18,2,0.29,0.57,4,0.55,2.21,0,0,0,0,0,0,0,0,0,0,0,0,0,0,0,0,0,0,0,0,0,0,0,0,0,0,0,0,0,0,0,0,0,0,0,0,0,0,0,0,0,0,0,0,0,0,0,0,0,0,0,0,0,0,0,0,0,6,0.38,2.28,7,0.27,1.9,8,0.73,5.82,3,0.69,2.08,0,0,0,0,0,0,0,0,0,0,0,0,0,0,0,0,0,0,0,0,0,0,0,0,0,0,0,0,0,0,0,0,0,0,0,0,0,0,0,0,0,0,0,0,0,4,0.53,2.12,6,0.39,2.32,2,0.43,0.86,8,0.43,3.42
P080,0,0,0,0,0,0,0,0,0,0,0,0,0,0,0,0,0,0,0,0,0,3,0.13,0.39,9,0.35,3.17,9,0.23,2.09,10,0.22,2.17,0,0,0,0,0,0,0,0,0,0,0,0,0,0,0,0,0,0,0,0,0,0,0,0,0,0,0,0,0,0,0,0,0,0,0,0,0,0,0,0,0,0,2,0.11,0.23,0,0,0,0,0,0,0,0,0,0,0,0,0,0,0,0,0,0,0,0,0,0,0,0,0,0,0,0,0,0,0,0,0,0,0,0,0,0,0,0,0,0,0,0,0,4,0.42,1.67,2,0.75,1.5,0,0,0,0,0,0,0,0,0,0,0,0,0,0,0,0,0,0,0,0,0,0,0,0,0,0,0,0,0,0,0,0,0,0,0,0,0,0,0,0,0,0,0,0,0,0,0,0,0,0,0,0,0,0,0,0,0,8,0.51,4.08,7,0.84,5.89,7,1.03,7.18,1,2.74,2.74,0,0,0,0,0,0,0,0,0,0,0,0,0,0,0,0,0,0,0,0,0,0,0,0,0,0,0,0,0,0,0,0,0,3,0.33,1,2,0.61,1.22,6,0.22,1.35,3,0.52,1.55,1,0.05,0.05,1,0.2,0.2,3,0.58,1.75,1,1.09,1.09,0,0,0,0,0,0,0,0,0,0,0,0
P081,0,0,0,0,0,0,0,0,0,0,0,0,0,0,0,0,0,0,0,0,0,0,0,0,0,0,0,0,0,0,0,0,0,10,0.27,2.68,15,0.3,4.53,10,0.45,4.47,10,0.48,4.79,0,0,0,0,0,0,0,0,0,0,0,0,0,0,0,2,0.23,0.46,0,0,0,0,0,0,0,0,0,0,0,0,0,0,0,0,0,0,0,0,0,1,0.47,0.47,0,0,0,1,0.17,0.17,0,0,0,0,0,0,0,0,0,0,0,0,0,0,0,0,0,0,0,0,0,0,0,0,0,0,0,0,0,0,0,0,0,0,0,0,1,0.32,0.32,3,0.4,1.19,3,0.68,2.05,4,0.63,2.51,0,0,0,0,0,0,0,0,0,0,0,0,0,0,0,0,0,0,0,0,0,0,0,0,0,0,0,0,0,0,0,0,0,0,0,0,0,0,0,0,0,0,0,0,0,0,0,0,0,0,0,0,0,0,0,0,0,4,1.62,6.49,8,0.6,4.79,4,1.83,7.33,1,3.31,3.31,0,0,0,0,0,0,0,0,0,0,0,0,0,0,0,0,0,0,0,0,0,0,0,0,0,0,0,0,0,0,0,0,0,0,0,0,0,0,0,0,0,0,0,0,0,2,0.93,1.87,4,0.42,1.67,1,0.59,0.59,6,0.37,2.21
P083,1,0.83,0.83,0,0,0,4,1.47,5.88,4,0.18,0.72,0,0,0,3,0.27,0.8,3,0.15,0.45,0,0,0,0,0,0,0,0,0,0,0,0,0,0,0,0,0,0,0,0,0,0,0,0,0,0,0,0,0,0,0,0,0,0,0,0,0,0,0,0,0,0,0,0,0,0,0,0,0,0,0,0,0,0,0,0,0,0,0,0,0,0,0,0,0,0,0,0,0,0,0,0,0,0,0,0,0,0,0,0,0,0,0,0,0,0,0,2,0.1,0.19,2,0.03,0.06,0,0,0,0,0,0,0,0,0,0,0,0,0,0,0,0,0,0,0,0,0,0,0,0,0,0,0,0,0,0,0,0,0,0,0,0,0,0,0,17,0.78,13.19,11,1.37,15.06,2,1.22,2.45,8,0.28,2.26,0,0,0,7,0.4,2.77,12,0.4,4.85,3,0.41,1.22,3,0.81,2.42,11,0.9,9.94,17,0.86,14.69,0,0,0,0,0,0,0,0,0,0,0,0,0,0,0,0,0,0,0,0,0,0,0,0,0,0,0,0,0,0,0,0,0,4,0.84,3.38,3,1.79,5.37,5,0.97,4.86,3,0.57,1.72,0,0,0,0,0,0,0,0,0,0,0,0,0,0,0,0,0,0,0,0,0,0,0,0,0,0,0,0,0,0,0,0,0,0,0,0
P085,2,0.31,0.62,0,0,0,4,1.5,6.02,1,0.17,0.17,0,0,0,6,0.14,0.84,6,0.12,0.71,0,0,0,0,0,0,0,0,0,0,0,0,0,0,0,0,0,0,0,0,0,0,0,0,0,0,0,0,0,0,0,0,0,0,0,0,0,0,0,0,0,0,0,0,0,0,0,0,0,0,0,0,0,0,0,0,0,0,0,0,0,0,0,0,0,0,0,0,0,0,0,0,0,0,0,0,0,0,0,0,0,0,0,0,1,0.02,0.02,1,0.17,0.17,5,0.03,0.16,0,0,0,0,0,0,0,0,0,0,0,0,0,0,0,0,0,0,0,0,0,0,0,0,0,0,0,0,0,0,0,0,0,0,0,0,0,0,0,14,0.92,12.89,9,1.18,10.62,2,0.49,0.99,4,0.66,2.65,0,0,0,7,0.22,1.54,11,0.39,4.25,3,0.29,0.87,3,0.43,1.28,15,0.52,7.73,11,0.99,10.91,0,0,0,0,0,0,0,0,0,0,0,0,0,0,0,0,0,0,0,0,0,0,0,0,0,0,0,0,0,0,0,0,0,3,0.7,2.1,5,0.79,3.93,1,4.67,4.67,5,0.34,1.68,0,0,0,0,0,0,0,0,0,0,0,0,0,0,0,0,0,0,0,0,0,0,0,0,0,0,0,0,0,0,0,0,0,0,0,0
P086,0,0,0,0,0,0,0,0,0,0,0,0,0,0,0,0,0,0,0,0,0,0,0,0,0,0,0,0,0,0,0,0,0,8,0.33,2.6,10,0.27,2.72,8,0.15,1.2,14,0.28,3.96,0,0,0,0,0,0,0,0,0,0,0,0,0,0,0,1,0.12,0.12,0,0,0,2,0.26,0.52,0,0,0,0,0,0,0,0,0,0,0,0,0,0,0,0,0,0,0,0,0,0,0,0,0,0,0,0,0,0,0,0,0,0,0,0,0,0,0,0,0,0,0,0,0,0,0,0,0,0,0,0,0,0,0,0,0,0,0,0,1,0.58,0.58,2,0.37,0.75,3,0.78,2.35,4,0.68,2.71,0,0,0,0,0,0,0,0,0,0,0,0,0,0,0,0,0,0,0,0,0,0,0,0,0,0,0,0,0,0,0,0,0,0,0,0,0,0,0,0,0,0,0,0,0,0,0,0,0,0,0,0,0,0,0,0,0,4,1.61,6.45,4,1.13,4.51,6,1.11,6.66,1,3.28,3.28,0,0,0,0,0,0,0,0,0,0,0,0,0,0,0,0,0,0,0,0,0,0,0,0,0,0,0,0,0,0,0,0,0,0,0,0,0,0,0,0,0,0,0,0,0,5,0.63,3.16,4,0.4,1.61,4,0.23,0.93,7,0.44,3.07
P087,0,0,0,0,0,0,0,0,0,0,0,0,0,0,0,0,0,0,0,0,0,0,0,0,0,0,0,0,0,0,0,0,0,0,0,0,0,0,0,0,0,0,0,0,0,0,0,0,0,0,0,0,0,0,0,0,0,0,0,0,0,0,0,0,0,0,0,0,0,0,0,0,0,0,0,0,0,0,0,0,0,0,0,0,0,0,0,0,0,0,0,0,0,10,0.16,1.62,5,0.28,1.4,1,0.01,0.01,1,0.08,0.08,0,0,0,0,0,0,0,0,0,0,0,0,0,0,0,0,0,0,0,0,0,0,0,0,0,0,0,0,0,0,0,0,0,0,0,0,16,0.16,2.54,22,0.44,9.68,21,0.34,7.14,23,0.38,8.66,0,0,0,0,0,0,0,0,0,0,0,0,0,0,0,0,0,0,0,0,0,0,0,0,0,0,0,0,0,0,0,0,0,0,0,0,0,0,0,0,0,0,0,0,0,0,0,0,0,0,0,0,0,0,0,0,0,5,0.72,3.58,3,1.05,3.15,12,0.63,7.58,0,0,0,0,0,0,0,0,0,0,0,0,0,0,0,0,0,0,0,0,0,0,0,0,0,0,0,0,0,0,0,0,0,0,0,0,0,0,0,0,0,0,0,0,0,0,0,0
P088,0,0,0,1,0.19,0.19,3,2.05,6.16,1,0.09,0.09,1,0.14,0.14,3,0.16,0.48,2,0.19,0.37,0,0,0,0,0,0,0,0,0,0,0,0,0,0,0,0,0,0,0,0,0,0,0,0,0,0,0,0,0,0,0,0,0,0,0,0,0,0,0,0,0,0,0,0,0,0,0,0,0,0,0,0,0,0,0,0,0,0,0,0,0,0,0,0,0,0,0,0,0,0,0,0,0,0,0,0,0,0,0,0,0,0,0,0,0,0,0,2,0.55,1.1,1,0.2,0.2,0,0,0,0,0,0,0,0,0,0,0,0,0,0,0,0,0,0,0,0,0,0,0,0,0,0,0,0,0,0,0,0,0,0,0,0,0,0,0,13,0.54,7.08,8,1.45,11.61,2,0.12,0.23,6,0.36,2.16,1,0.18,0.18,12,0.15,1.76,10,0.59,5.87,2,0.35,0.71,6,1.15,6.87,11,0.82,9.02,13,0.49,6.31,0,0,0,0,0,0,0,0,0,0,0,0,0,0,0,0,0,0,0,0,0,0,0,0,0,0,0,0,0,0,0,0,0,2,1.45,2.91,7,0.46,3.23,4,1.29,5.17,3,0.17,0.5,0,0,0,0,0,0,0,0,0,0,0,0,0,0,0,0,0,0,0,0,0,0,0,0,0,0,0,0,0,0,0,0,0,0,0,0
P089,0,0,0,0,0,0,0,0,0,0,0,0,0,0,0,0,0,0,0,0,0,0,0,0,0,0,0,0,0,0,0,0,0,4,0.11,0.45,14,0.23,3.27,14,0.23,3.16,7,0.25,1.72,0,0,0,0,0,0,0,0,0,0,0,0,0,0,0,1,0.31,0.31,0,0,0,0,0,0,0,0,0,0,0,0,0,0,0,0,0,0,0,0,0,3,0.28,0.85,0,0,0,1,0.1,0.1,0,0,0,0,0,0,0,0,0,0,0,0,0,0,0,0,0,0,0,0,0,0,0,0,0,0,0,0,0,0,0,0,0,0,0,0,1,0.43,0.43,2,0.23,0.47,4,0.42,1.67,3,0.66,1.99,0,0,0,0,0,0,0,0,0,0,0,0,0,0,0,0,0,0,0,0,0,0,0,0,0,0,0,0,0,0,0,0,0,0,0,0,0,0,0,0,0,0,0,0,0,0,0,0,0,0,0,0,0,0,0,0,0,4,1.88,7.53,5,0.74,3.7,4,1.67,6.69,1,3.3,3.3,0,0,0,0,0,0,0,0,0,0,0,0,0,0,0,0,0,0,0,0,0,0,0,0,0,0,0,0,0,0,0,0,0,0,0,0,0,0,0,0,0,0,0,0,0,3,0.68,2.04,3,0.36,1.09,5,0.44,2.19,4,0.35,1.39
P091,0,0,0,0,0,0,0,0,0,0,0,0,0,0,0,0,0,0,0,0,0,0,0,0,0,0,0,0,0,0,0,0,0,0,0,0,0,0,0,0,0,0,0,0,0,0,0,0,0,0,0,0,0,0,0,0,0,0,0,0,0,0,0,0,0,0,0,0,0,0,0,0,0,0,0,0,0,0,0,0,0,0,0,0,0,0,0,0,0,0,0,0,0,0,0,0,0,0,0,1,0.03,0.03,0,0,0,0,0,0,0,0,0,0,0,0,0,0,0,0,0,0,0,0,0,0,0,0,0,0,0,0,0,0,0,0,0,0,0,0,0,0,0,0,0,0,2,0.06,0.11,4,0.28,1.12,4,0.22,0.87,0,0,0,0,0,0,0,0,0,0,0,0,0,0,0,0,0,0,0,0,0,0,0,0,0,0,0,0,0,0,0,0,0,0,0,0,0,0,0,0,0,0,0,0,0,0,0,0,0,0,0,0,0,0,0,0,0,0,0,0,3,0.99,2.98,5,0.14,0.7,0,0,0,0,0,0,0,0,0,0,0,0,0,0,0,0,0,0,0,0,0,0,0,0,0,0,0,0,0,0,0,0,0,0,0,0,0,0,0,0,0,0,0,0,0,0,0,0
P092,0,0,0,1,0.05,0.05,3,1.86,5.58,0,0,0,0,0,0,3,0.27,0.81,6,0.12,0.73,0,0,0,0,0,0,0,0,0,0,0,0,0,0,0,0,0,0,0,0,0,0,0,0,0,0,0,0,0,0,0,0,0,0,0,0,0,0,0,0,0,0,0,0,0,0,0,0,0,0,0,0,0,0,0,0,0,0,0,0,0,0,0,0,0,0,0,0,0,0,0,0,0,0,0,0,0,0,0,0,0,0,0,0,1,0.41,0.41,2,0.18,0.37,1,0.03,0.03,0,0,0,0,0,0,0,0,0,0,0,0,0,0,0,0,0,0,0,0,0,0,0,0,0,0,0,0,0,0,0,0,0,0,0,0,0,0,0,14,0.91,12.8,9,1.59,14.35,2,0.58,1.16,4,0.5,1.99,0,0,0,5,0.35,1.76,15,0.58,8.76,2,0.53,1.05,3,0.85,2.55,8,1.07,8.59,8,1.34,10.73,0,0,0,0,0,0,0,0,0,0,0,0,0,0,0,0,0,0,0,0,0,0,0,0,0,0,0,0,0,0,0,0,0,3,0.28,0.85,7,0.59,4.13,5,1.14,5.71,2,0.23,0.46,0,0,0,0,0,0,0,0,0,0,0,0,0,0,0,0,0,0,0,0,0,0,0,0,0,0,0,0,0,0,0,0,0,0,0,0
P093,0,0,0,0,0,0,0,0,0,0,0,0,0,0,0,0,0,0,0,0,0,3,0.64,1.91,5,0.19,0.93,1,0.11,0.11,4,0.37,1.49,0,0,0,0,0,0,0,0,0,0,0,0,1,0.12,0.12,0,0,0,0,0,0,0,0,0,0,0,0,0,0,0,0,0,0,0,0,0,1,0.05,0.05,0,0,0,1,0.01,0.01,0,0,0,0,0,0,0,0,0,0,0,0,0,0,0,0,0,0,0,0,0,0,0,0,0,0,0,0,0,0,0,0,0,0,0,0,0,0,0,1,0.59,0.59,1,0.47,0.47,2,0.36,0.72,2,0.68,1.35,0,0,0,0,0,0,0,0,0,0,0,0,0,0,0,0,0,0,0,0,0,0,0,0,0,0,0,0,0,0,0,0,0,0,0,0,0,0,0,0,0,0,0,0,0,0,0,0,0,0,0,0,0,0,0,0,0,5,1.25,6.26,8,0.62,4.94,10,0.69,6.9,2,1.56,3.13,0,0,0,0,0,0,0,0,0,0,0,0,0,0,0,0,0,0,0,0,0,0,0,0,0,0,0,0,0,0,0,0,0,2,1.46,2.92,3,0.48,1.44,3,1,2.99,3,0.81,2.44,3,0.77,2.31,3,0.27,0.82,2,0.39,0.79,6,0.22,1.34,0,0,0,0,0,0,0,0,0,0,0,0
P094,0,0,0,0,0,0,0,0,0,0,0,0,0,0,0,0,0,0,0,0,0,3,0.09,0.28,11,0.26,2.86,1,0.29,0.29,7,0.39,2.73,0,0,0,0,0,0,0,0,0,0,0,0,0,0,0,2,0.19,0.38,0,0,0,1,0.53,0.53,0,0,0,0,0,0,0,0,0,0,0,0,0,0,0,0,0,0,0,0,0,1,0.27,0.27,0,0,0,0,0,0,0,0,0,0,0,0,0,0,0,0,0,0,0,0,0,0,0,0,0,0,0,0,0,0,0,0,0,0,0,0,1,0.28,0.28,1,0.28,0.28,2,0.8,1.61,2,1.06,2.12,0,0,0,0,0,0,0,0,0,0,0,0,0,0,0,0,0,0,0,0,0,0,0,0,0,0,0,0,0,0,0,0,0,0,0,0,0,0,0,0,0,0,0,0,0,0,0,0,0,0,0,0,0,0,0,0,0,7,0.68,4.74,5,1.03,5.16,6,0.86,5.15,1,2.77,2.77,0,0,0,0,0,0,0,0,0,0,0,0,0,0,0,0,0,0,0,0,0,0,0,0,0,0,0,0,0,0,0,0,0,2,1.03,2.06,5,0.41,2.04,4,0.86,3.43,8,0.42,3.34,3,0.36,1.07,2,0.18,0.36,4,0.2,0.81,10,0.42,4.23,0,0,0,0,0,0,0,0,0,0,0,0
P095,0,0,0,0,0,0,0,0,0,0,0,0,0,0,0,0,0,0,0,0,0,0,0,0,0,0,0,0,0,0,0,0,0,6,0.35,2.08,11,0.14,1.58,14,0.17,2.35,8,0.15,1.23,0,0,0,0,0,0,0,0,0,0,0,0,0,0,0,0,0,0,0,0,0,1,0.16,0.16,0,0,0,0,0,0,0,0,0,0,0,0,0,0,0,1,0.63,0.63,0,0,0,0,0,0,0,0,0,0,0,0,0,0,0,0,0,0,0,0,0,0,0,0,0,0,0,0,0,0,0,0,0,0,0,0,0,0,0,0,0,0,1,0.31,0.31,2,0.22,0.43,4,0.34,1.35,2,0.43,0.86,0,0,0,0,0,0,0,0,0,0,0,0,0,0,0,0,0,0,0,0,0,0,0,0,0,0,0,0,0,0,0,0,0,0,0,0,0,0,0,0,0,0,0,0,0,0,0,0,0,0,0,0,0,0,0,0,0,8,0.6,4.78,8,0.68,5.46,15,0.4,5.95,4,0.49,1.98,0,0,0,0,0,0,0,0,0,0,0,0,0,0,0,0,0,0,0,0,0,0,0,0,0,0,0,0,0,0,0,0,0,0,0,0,0,0,0,0,0,0,0,0,0,3,0.77,2.32,0,0,0,2,0.11,0.22,3,0.31,0.93
P096,0,0,0,0,0,0,0,0,0,0,0,0,0,0,0,0,0,0,0,0,0,0,0,0,0,0,0,0,0,0,0,0,0,4,0.1,0.42,0,0,0,0,0,0,0,0,0,0,0,0,0,0,0,0,0,0,0,0,0,0,0,0,0,0,0,0,0,0,0,0,0,0,0,0,0,0,0,0,0,0,0,0,0,0,0,0,0,0,0,0,0,0,0,0,0,0,0,0,0,0,0,0,0,0,0,0,0,0,0,0,0,0,0,0,0,0,0,0,0,0,0,0,0,0,0,0,0,0,0,0,0,0,0,0,0,0,0,0,0,0,0,0,0,0,0,0,0,0,0,0,0,0,0,0,0,0,0,0,0,0,0,0,0,0,0,0,0,0,0,0,0,0,0,0,0,0,0,0,0,0,0,0,0,0,0,0,0,0,0,0,0,0,0,0,0,0,0,0,0,0,1,1.98,1.98,0,0,0,0,0,0,0,0,0,0,0,0,0,0,0,0,0,0,0,0,0,0,0,0,0,0,0,0,0,0,0,0,0,0,0,0,0,0,0,0,0,0,0,0,0,0,0,0,0,0,0,0,0,0,4,0.14,0.55,0,0,0,0,0,0,0,0,0
P097,0,0,0,0,0,0,0,0,0,0,0,0,0,0,0,0,0,0,0,0,0,0,0,0,0,0,0,0,0,0,0,0,0,0,0,0,0,0,0,0,0,0,0,0,0,0,0,0,0,0,0,0,0,0,0,0,0,0,0,0,0,0,0,0,0,0,0,0,0,0,0,0,0,0,0,0,0,0,0,0,0,0,0,0,0,0,0,0,0,0,0,0,0,13,0.13,1.66,4,0.01,0.04,1,0.01,0.01,2,0.08,0.16,0,0,0,0,0,0,0,0,0,0,0,0,0,0,0,0,0,0,0,0,0,0,0,0,0,0,0,0,0,0,0,0,0,0,0,0,15,0.23,3.42,23,0.52,12.02,17,0.45,7.57,22,0.49,10.86,0,0,0,0,0,0,0,0,0,0,0,0,0,0,0,0,0,0,0,0,0,0,0,0,0,0,0,0,0,0,0,0,0,0,0,0,0,0,0,0,0,0,0,0,0,0,0,0,0,0,0,0,0,0,0,0,0,8,0.43,3.41,3,0.8,2.41,8,0.91,7.3,0,0,0,0,0,0,0,0,0,0,0,0,0,0,0,0,0,0,0,0,0,0,0,0,0,0,0,0,0,0,0,0,0,0,0,0,0,0,0,0,0,0,0,0,0,0,0,0
P098,0,0,0,0,0,0,0,0,0,0,0,0,0,0,0,0,0,0,0,0,0,0,0,0,0,0,0,0,0,0,0,0,0,0,0,0,0,0,0,0,0,0,0,0,0,0,0,0,0,0,0,0,0,0,0,0,0,0,0,0,0,0,0,0,0,0,0,0,0,0,0,0,0,0,0,0,0,0,0,0,0,0,0,0,0,0,0,0,0,0,0,0,0,0,0,0,3,0.01,0.04,1,0.01,0.01,2,0.21,0.42,0,0,0,0,0,0,0,0,0,0,0,0,0,0,0,0,0,0,0,0,0,0,0,0,0,0,0,0,0,0,0,0,0,0,0,0,0,0,0,19,0.38,7.26,12,0.44,5.29,14,0.32,4.48,0,0,0,0,0,0,0,0,0,0,0,0,0,0,0,0,0,0,0,0,0,0,0,0,0,0,0,0,0,0,0,0,0,0,0,0,0,0,0,0,0,0,0,0,0,0,0,0,0,0,0,0,0,0,0,0,0,0,0,0,3,1.16,3.47,9,0.64,5.8,0,0,0,0,0,0,0,0,0,0,0,0,0,0,0,0,0,0,0,0,0,0,0,0,0,0,0,0,0,0,0,0,0,0,0,0,0,0,0,0,0,0,0,0,0,0,0,0
P099,1,0.51,0.51,0,0,0,3,2.07,6.2,1,0.1,0.1,0,0,0,1,0.1,0.1,2,0.02,0.04,0,0,0,0,0,0,0,0,0,0,0,0,0,0,0,0,0,0,0,0,0,0,0,0,0,0,0,0,0,0,0,0,0,0,0,0,0,0,0,0,0,0,0,0,0,0,0,0,0,0,0,0,0,0,0,0,0,0,0,0,0,0,0,0,0,0,0,0,0,0,0,0,0,0,0,0,0,0,0,0,0,0,0,0,0,0,0,1,0.04,0.04,1,0.18,0.18,0,0,0,0,0,0,0,0,0,0,0,0,0,0,0,0,0,0,0,0,0,0,0,0,0,0,0,0,0,0,0,0,0,0,0,0,0,0,0,8,1.72,13.73,6,2.4,14.41,2,0.35,0.7,2,0.26,0.51,1,0.02,0.02,4,0.38,1.53,14,0.38,5.33,3,0.33,0.98,2,1.31,2.62,10,0.68,6.84,14,0.59,8.32,0,0,0,0,0,0,0,0,0,0,0,0,0,0,0,0,0,0,0,0,0,0,0,0,0,0,0,0,0,0,0,0,0,6,0.6,3.61,3,1.72,5.17,3,1.47,4.4,2,0.72,1.45,0,0,0,0,0,0,0,0,0,0,0,0,0,0,0,0,0,0,0,0,0,0,0,0,0,0,0,0,0,0,0,0,0,0,0,0
P100,0,0,0,0,0,0,0,0,0,0,0,0,0,0,0,0,0,0,0,0,0,8,0.25,2,4,0.09,0.35,5,0.2,1,9,0.29,2.59,0,0,0,0,0,0,0,0,0,0,0,0,0,0,0,0,0,0,0,0,0,0,0,0,0,0,0,0,0,0,0,0,0,0,0,0,0,0,0,0,0,0,0,0,0,1,0.24,0.24,0,0,0,0,0,0,0,0,0,0,0,0,0,0,0,0,0,0,0,0,0,0,0,0,0,0,0,0,0,0,0,0,0,0,0,0,0,0,0,1,1.07,1.07,2,1.23,2.45,1,1.59,1.59,0,0,0,0,0,0,0,0,0,0,0,0,0,0,0,0,0,0,0,0,0,0,0,0,0,0,0,0,0,0,0,0,0,0,0,0,0,0,0,0,0,0,0,0,0,0,0,0,0,0,0,0,0,0,0,0,0,11,0.42,4.66,8,0.7,5.63,9,0.56,5,1,2.3,2.3,0,0,0,0,0,0,0,0,0,0,0,0,0,0,0,0,0,0,0,0,0,0,0,0,0,0,0,0,0,0,0,0,0,2,1.37,2.73,2,0.56,1.11,4,0.56,2.23,4,0.48,1.92,2,1.14,2.28,1,1.23,1.23,4,0.28,1.1,5,0.6,3.01,0,0,0,0,0,0,0,0,0,0,0,0
P101,0,0,0,0,0,0,0,0,0,0,0,0,0,0,0,0,0,0,0,0,0,0,0,0,0,0,0,0,0,0,0,0,0,0,0,0,0,0,0,0,0,0,0,0,0,0,0,0,0,0,0,0,0,0,0,0,0,0,0,0,0,0,0,0,0,0,0,0,0,0,0,0,0,0,0,0,0,0,0,0,0,0,0,0,0,0,0,0,0,0,0,0,0,7,0.15,1.05,1,0,0,0,0,0,4,0.11,0.43,0,0,0,0,0,0,0,0,0,0,0,0,0,0,0,0,0,0,0,0,0,0,0,0,0,0,0,0,0,0,0,0,0,0,0,0,15,0.2,3.04,25,0.38,9.44,14,0.49,6.89,25,0.35,8.79,0,0,0,0,0,0,0,0,0,0,0,0,0,0,0,0,0,0,0,0,0,0,0,0,0,0,0,0,0,0,0,0,0,0,0,0,0,0,0,0,0,0,0,0,0,0,0,0,0,0,0,0,0,0,0,0,0,6,1.06,6.36,3,0.48,1.44,9,0.71,6.38,0,0,0,0,0,0,0,0,0,0,0,0,0,0,0,0,0,0,0,0,0,0,0,0,0,0,0,0,0,0,0,0,0,0,0,0,0,0,0,0,0,0,0,0,0,0,0,0
P102,0,0,0,0,0,0,0,0,0,0,0,0,0,0,0,0,0,0,0,0,0,0,0,0,0,0,0,0,0,0,0,0,0,0,0,0,0,0,0,0,0,0,0,0,0,0,0,0,0,0,0,0,0,0,0,0,0,0,0,0,0,0,0,0,0,0,0,0,0,0,0,0,0,0,0,0,0,0,0,0,0,0,0,0,0,0,0,0,0,0,0,0,0,6,0.19,1.13,5,0.08,0.4,1,0.03,0.03,0,0,0,0,0,0,0,0,0,0,0,0,0,0,0,0,0,0,0,0,0,0,0,0,0,0,0,0,0,0,0,0,0,0,0,0,0,0,0,20,0.23,4.62,22,0.47,10.4,21,0.32,6.68,22,0.49,10.87,0,0,0,0,0,0,0,0,0,0,0,0,0,0,0,0,0,0,0,0,0,0,0,0,0,0,0,0,0,0,0,0,0,0,0,0,0,0,0,0,0,0,0,0,0,0,0,0,0,0,0,0,0,0,0,0,0,6,0.76,4.57,2,0.96,1.92,10,0.77,7.71,0,0,0,0,0,0,0,0,0,0,0,0,0,0,0,0,0,0,0,0,0,0,0,0,0,0,0,0,0,0,0,0,0,0,0,0,0,0,0,0,0,0,0,0,0,0,0,0
P104,0,0,0,0,0,0,0,0,0,0,0,0,0,0,0,0,0,0,0,0,0,0,0,0,0,0,0,0,0,0,0,0,0,4,0.66,2.65,10,0.38,3.81,3,0.76,2.27,3,0.67,2,0,0,0,0,0,0,0,0,0,0,0,0,0,0,0,1,0.32,0.32,0,0,0,0,0,0,0,0,0,0,0,0,0,0,0,0,0,0,0,0,0,1,0,0,0,0,0,0,0,0,0,0,0,0,0,0,0,0,0,0,0,0,0,0,0,0,0,0,0,0,0,0,0,0,0,0,0,0,0,0,0,0,0,0,0,0,1,0.4,0.4,2,0.5,0.99,2,1.21,2.43,2,0.68,1.37,0,0,0,0,0,0,0,0,0,0,0,0,0,0,0,0,0,0,0,0,0,0,0,0,0,0,0,0,0,0,0,0,0,0,0,0,0,0,0,0,0,0,0,0,0,0,0,0,0,0,0,0,0,0,0,0,0,4,0.82,3.28,8,0.6,4.8,3,2.51,7.54,4,0.77,3.08,0,0,0,0,0,0,0,0,0,0,0,0,0,0,0,0,0,0,0,0,0,0,0,0,0,0,0,0,0,0,0,0,0,0,0,0,0,0,0,0,0,0,0,0,0,4,0.89,3.54,6,0.31,1.89,5,0.39,1.96,1,0.48,0.48
P108,0,0,0,0,0,0,0,0,0,0,0,0,0,0,0,0,0,0,0,0,0,3,0.61,1.82,4,0.33,1.32,1,0.03,0.03,5,0.29,1.46,0,0,0,0,0,0,0,0,0,0,0,0,0,0,0,0,0,0,0,0,0,0,0,0,0,0,0,0,0,0,0,0,0,0,0,0,0,0,0,0,0,0,0,0,0,0,0,0,0,0,0,0,0,0,0,0,0,0,0,0,0,0,0,0,0,0,0,0,0,0,0,0,0,0,0,0,0,0,0,0,0,0,0,0,0,0,0,0,0,0,1,0.18,0.18,1,0.88,0.88,0,0,0,0,0,0,0,0,0,0,0,0,0,0,0,0,0,0,0,0,0,0,0,0,0,0,0,0,0,0,0,0,0,0,0,0,0,0,0,0,0,0,0,0,0,0,0,0,0,0,0,0,0,0,0,0,0,10,0.24,2.42,9,0.57,5.17,10,0.5,5.03,2,1.74,3.48,0,0,0,0,0,0,0,0,0,0,0,0,0,0,0,0,0,0,0,0,0,0,0,0,0,0,0,0,0,0,0,0,0,3,0.64,1.92,1,0.5,0.5,5,0.27,1.35,6,0.33,1.96,3,0.54,1.61,1,0.55,0.55,1,0.67,0.67,2,0.38,0.76,0,0,0,0,0,0,0,0,0,0,0,0
P109,0,0,0,0,0,0,0,0,0,0,0,0,0,0,0,0,0,0,0,0,0,0,0,0,0,0,0,0,0,0,0,0,0,0,0,0,0,0,0,0,0,0,0,0,0,0,0,0,0,0,0,0,0,0,0,0,0,0,0,0,0,0,0,0,0,0,0,0,0,0,0,0,0,0,0,0,0,0,0,0,0,0,0,0,0,0,0,0,0,0,0,0,0,12,0.12,1.47,7,0.03,0.19,4,0.06,0.23,0,0,0,0,0,0,0,0,0,0,0,0,0,0,0,0,0,0,0,0,0,0,0,0,0,0,0,0,0,0,0,0,0,0,0,0,0,0,0,13,0.21,2.78,25,0.47,11.76,25,0.31,7.66,20,0.32,6.49,0,0,0,0,0,0,0,0,0,0,0,0,0,0,0,0,0,0,0,0,0,0,0,0,0,0,0,0,0,0,0,0,0,0,0,0,0,0,0,0,0,0,0,0,0,0,0,0,0,0,0,0,0,0,0,0,0,4,0.31,1.25,2,0.81,1.61,8,0.52,4.18,0,0,0,0,0,0,0,0,0,0,0,0,0,0,0,0,0,0,0,0,0,0,0,0,0,0,0,0,0,0,0,0,0,0,0,0,0,0,0,0,0,0,0,0,0,0,0,0
P110,0,0,0,0,0,0,0,0,0,0,0,0,0,0,0,0,0,0,0,0,0,0,0,0,0,0,0,0,0,0,0,0,0,10,0.29,2.86,7,0.15,1.03,11,0.16,1.8,14,0.22,3.14,0,0,0,0,0,0,0,0,0,0,0,0,1,0.49,0.49,0,0,0,0,0,0,0,0,0,0,0,0,0,0,0,0,0,0,0,0,0,0,0,0,3,0.02,0.05,0,0,0,0,0,0,0,0,0,0,0,0,0,0,0,0,0,0,0,0,0,0,0,0,0,0,0,0,0,0,0,0,0,0,0,0,0,0,0,0,0,0,0,0,0,1,0.41,0.41,1,0.27,0.27,2,0.49,0.99,0,0,0,0,0,0,0,0,0,0,0,0,0,0,0,0,0,0,0,0,0,0,0,0,0,0,0,0,0,0,0,0,0,0,0,0,0,0,0,0,0,0,0,0,0,0,0,0,0,0,0,0,0,0,0,0,0,5,0.49,2.46,5,0.3,1.5,5,0.84,4.21,4,0.39,1.57,0,0,0,0,0,0,0,0,0,0,0,0,0,0,0,0,0,0,0,0,0,0,0,0,0,0,0,0,0,0,0,0,0,0,0,0,0,0,0,0,0,0,0,0,0,2,1.42,2.83,2,0.14,0.27,0,0,0,4,0.16,0.66
P111,0,0,0,0,0,0,0,0,0,0,0,0,0,0,0,0,0,0,0,0,0,0,0,0,0,0,0,0,0,0,0,0,0,0,0,0,0,0,0,0,0,0,0,0,0,0,0,0,0,0,0,0,0,0,0,0,0,0,0,0,0,0,0,0,0,0,0,0,0,0,0,0,0,0,0,0,0,0,0,0,0,0,0,0,0,0,0,0,0,0,0,0,0,9,0.1,0.89,6,0.11,0.66,1,0.02,0.02,1,0.27,0.27,0,0,0,0,0,0,0,0,0,0,0,0,0,0,0,0,0,0,0,0,0,0,0,0,0,0,0,0,0,0,0,0,0,0,0,0,24,0.3,7.14,23,0.57,13.17,19,0.33,6.21,23,0.51,11.67,0,0,0,0,0,0,0,0,0,0,0,0,0,0,0,0,0,0,0,0,0,0,0,0,0,0,0,0,0,0,0,0,0,0,0,0,0,0,0,0,0,0,0,0,0,0,0,0,0,0,0,0,0,0,0,0,0,8,0.46,3.67,3,0.71,2.12,15,0.43,6.38,0,0,0,0,0,0,0,0,0,0,0,0,0,0,0,0,0,0,0,0,0,0,0,0,0,0,0,0,0,0,0,0,0,0,0,0,0,0,0,0,0,0,0,0,0,0,0,0
P113,0,0,0,0,0,0,0,0,0,0,0,0,0,0,0,0,0,0,0,0,0,6,0.28,1.66,14,0.14,1.94,8,0.15,1.19,2,0.28,0.56,0,0,0,0,0,0,0,0,0,0,0,0,4,0.1,0.42,0,0,0,0,0,0,2,0.23,0.46,0,0,0,0,0,0,0,0,0,0,0,0,0,0,0,0,0,0,0,0,0,0,0,0,0,0,0,0,0,0,0,0,0,0,0,0,0,0,0,0,0,0,0,0,0,0,0,0,0,0,0,0,0,0,0,0,0,0,0,0,0,0,0,1,0.25,0.25,4,0.5,2.01,2,0.69,1.37,0,0,0,0,0,0,0,0,0,0,0,0,0,0,0,0,0,0,0,0,0,0,0,0,0,0,0,0,0,0,0,0,0,0,0,0,0,0,0,0,0,0,0,0,0,0,0,0,0,0,0,0,0,0,0,0,0,8,0.82,6.58,6,0.77,4.6,5,1.4,7.01,2,1.49,2.98,0,0,0,0,0,0,0,0,0,0,0,0,0,0,0,0,0,0,0,0,0,0,0,0,0,0,0,0,0,0,0,0,0,3,0.82,2.47,2,0.43,0.86,6,0.28,1.69,2,0.51,1.02,4,0.4,1.62,2,0.24,0.48,6,0.29,1.71,6,0.24,1.47,0,0,0,0,0,0,0,0,0,0,0,0
P114,0,0,0,0,0,0,0,0,0,0,0,0,0,0,0,0,0,0,0,0,0,0,0,0,0,0,0,0,0,0,0,0,0,10,0.26,2.58,3,0.19,0.57,4,0.43,1.73,14,0.26,3.64,0,0,0,0,0,0,0,0,0,0,0,0,2,0.47,0.94,0,0,0,0,0,0,2,0.42,0.84,0,0,0,0,0,0,0,0,0,0,0,0,1,0.08,0.08,0,0,0,0,0,0,1,0.01,0.01,0,0,0,0,0,0,0,0,0,0,0,0,0,0,0,0,0,0,0,0,0,0,0,0,0,0,0,0,0,0,0,0,0,0,0,0,3,0.2,0.59,3,0.24,0.71,3,0.37,1.11,3,0.91,2.72,0,0,0,0,0,0,0,0,0,0,0,0,0,0,0,0,0,0,0,0,0,0,0,0,0,0,0,0,0,0,0,0,0,0,0,0,0,0,0,0,0,0,0,0,0,0,0,0,0,0,0,0,0,0,0,0,0,7,0.84,5.89,6,0.72,4.32,7,0.91,6.37,1,3.33,3.33,0,0,0,0,0,0,0,0,0,0,0,0,0,0,0,0,0,0,0,0,0,0,0,0,0,0,0,0,0,0,0,0,0,0,0,0,0,0,0,0,0,0,0,0,0,5,0.69,3.43,0,0,0,5,0.31,1.53,9,0.34,3.1
P115,0,0,0,0,0,0,0,0,0,0,0,0,0,0,0,0,0,0,0,0,0,4,0.22,0.89,12,0.28,3.39,1,0.02,0.02,5,0.34,1.69,0,0,0,0,0,0,0,0,0,0,0,0,1,0.43,0.43,1,0.39,0.39,0,0,0,1,0.29,0.29,0,0,0,0,0,0,0,0,0,0,0,0,0,0,0,0,0,0,0,0,0,0,0,0,0,0,0,0,0,0,0,0,0,0,0,0,0,0,0,0,0,0,0,0,0,0,0,0,0,0,0,0,0,0,0,0,0,0,0,0,0,0,0,0,0,0,2,0.44,0.89,1,1.19,1.19,0,0,0,0,0,0,0,0,0,0,0,0,0,0,0,0,0,0,0,0,0,0,0,0,0,0,0,0,0,0,0,0,0,0,0,0,0,0,0,0,0,0,0,0,0,0,0,0,0,0,0,0,0,0,0,0,0,5,1.2,5.99,7,0.62,4.37,5,1.22,6.09,1,3.42,3.42,0,0,0,0,0,0,0,0,0,0,0,0,0,0,0,0,0,0,0,0,0,0,0,0,0,0,0,0,0,0,0,0,0,3,0.9,2.71,2,0.49,0.97,3,0.66,1.98,6,0.48,2.88,6,0.56,3.35,6,0.26,1.55,5,0.26,1.3,6,0.39,2.34,0,0,0,0,0,0,0,0,0,0,0,0
P116,2,0.43,0.86,0,0,0,4,1.42,5.67,1,0.05,0.05,0,0,0,2,0.13,0.26,3,0.15,0.44,0,0,0,0,0,0,0,0,0,0,0,0,0,0,0,0,0,0,0,0,0,0,0,0,0,0,0,0,0,0,0,0,0,0,0,0,0,0,0,0,0,0,0,0,0,0,0,0,0,0,0,0,0,0,0,0,0,0,0,0,0,0,0,0,0,0,0,0,0,0,0,0,0,0,0,0,0,0,0,0,0,0,0,0,0,0,0,3,0.28,0.85,7,0.08,0.59,0,0,0,0,0,0,0,0,0,0,0,0,0,0,0,0,0,0,0,0,0,0,0,0,0,0,0,0,0,0,0,0,0,0,0,0,0,0,0,14,1.12,15.73,7,2.32,16.23,3,0.76,2.28,4,0.69,2.76,0,0,0,8,0.28,2.23,11,0.46,5.09,3,0.71,2.12,5,0.65,3.25,13,0.51,6.65,12,1.25,15,0,0,0,0,0,0,0,0,0,0,0,0,0,0,0,0,0,0,0,0,0,0,0,0,0,0,0,0,0,0,0,0,0,4,0.34,1.35,4,1.03,4.11,5,0.79,3.96,3,0.95,2.85,0,0,0,0,0,0,0,0,0,0,0,0,0,0,0,0,0,0,0,0,0,0,0,0,0,0,0,0,0,0,0,0,0,0,0,0
P117,0,0,0,0,0,0,0,0,0,0,0,0,0,0,0,0,0,0,0,0,0,0,0,0,0,0,0,0,0,0,0,0,0,0,0,0,0,0,0,0,0,0,0,0,0,0,0,0,0,0,0,0,0,0,0,0,0,0,0,0,0,0,0,0,0,0,0,0,0,0,0,0,0,0,0,0,0,0,0,0,0,0,0,0,0,0,0,0,0,0,0,0,0,10,0.12,1.17,7,0.34,2.36,0,0,0,2,0.06,0.11,0,0,0,0,0,0,0,0,0,0,0,0,0,0,0,0,0,0,0,0,0,0,0,0,0,0,0,0,0,0,0,0,0,0,0,0,4,0.34,1.35,9,0.31,2.83,15,0.36,5.45,17,0.31,5.25,0,0,0,0,0,0,0,0,0,0,0,0,0,0,0,0,0,0,0,0,0,0,0,0,0,0,0,0,0,0,0,0,0,0,0,0,0,0,0,0,0,0,0,0,0,0,0,0,0,0,0,0,0,0,0,0,0,6,1.33,8.01,0,0,0,11,0.59,6.49,0,0,0,0,0,0,0,0,0,0,0,0,0,0,0,0,0,0,0,0,0,0,0,0,0,0,0,0,0,0,0,0,0,0,0,0,0,0,0,0,0,0,0,0,0,0,0,0
P118,0,0,0,0,0,0,0,0,0,0,0,0,0,0,0,0,0,0,0,0,0,0,0,0,0,0,0,0,0,0,0,0,0,0,0,0,0,0,0,0,0,0,0,0,0,0,0,0,0,0,0,0,0,0,0,0,0,0,0,0,0,0,0,0,0,0,0,0,0,0,0,0,0,0,0,0,0,0,0,0,0,0,0,0,0,0,0,0,0,0,0,0,0,7,0.21,1.45,6,0.08,0.48,3,0.03,0.1,4,0.06,0.25,0,0,0,0,0,0,0,0,0,0,0,0,0,0,0,0,0,0,0,0,0,0,0,0,0,0,0,0,0,0,0,0,0,0,0,0,28,0.2,5.69,27,0.33,8.9,31,0.23,7.22,22,0.49,10.74,0,0,0,0,0,0,0,0,0,0,0,0,0,0,0,0,0,0,0,0,0,0,0,0,0,0,0,0,0,0,0,0,0,0,0,0,0,0,0,0,0,0,0,0,0,0,0,0,0,0,0,0,0,0,0,0,0,6,0.27,1.61,3,0.3,0.91,11,0.41,4.5,0,0,0,0,0,0,0,0,0,0,0,0,0,0,0,0,0,0,0,0,0,0,0,0,0,0,0,0,0,0,0,0,0,0,0,0,0,0,0,0,0,0,0,0,0,0,0,0
P119,0,0,0,0,0,0,0,0,0,0,0,0,0,0,0,0,0,0,0,0,0,0,0,0,0,0,0,0,0,0,0,0,0,0,0,0,0,0,0,0,0,0,0,0,0,0,0,0,0,0,0,0,0,0,0,0,0,0,0,0,0,0,0,0,0,0,0,0,0,0,0,0,0,0,0,0,0,0,0,0,0,0,0,0,0,0,0,0,0,0,0,0,0,5,0.1,0.49,6,0.05,0.32,1,0.04,0.04,3,0.12,0.35,0,0,0,0,0,0,0,0,0,0,0,0,0,0,0,0,0,0,0,0,0,0,0,0,0,0,0,0,0,0,0,0,0,0,0,0,17,0.18,3.11,21,0.47,9.78,18,0.24,4.32,39,0.18,7,0,0,0,0,0,0,0,0,0,0,0,0,0,0,0,0,0,0,0,0,0,0,0,0,0,0,0,0,0,0,0,0,0,0,0,0,0,0,0,0,0,0,0,0,0,0,0,0,0,0,0,0,0,0,0,0,0,8,0.57,4.57,6,0.42,2.49,10,0.32,3.17,0,0,0,0,0,0,0,0,0,0,0,0,0,0,0,0,0,0,0,0,0,0,0,0,0,0,0,0,0,0,0,0,0,0,0,0,0,0,0,0,0,0,0,0,0,0,0,0
P120,2,0.42,0.83,0,0,0,4,1.45,5.81,0,0,0,0,0,0,6,0.16,0.96,4,0.05,0.2,0,0,0,0,0,0,0,0,0,0,0,0,0,0,0,0,0,0,0,0,0,0,0,0,0,0,0,0,0,0,0,0,0,0,0,0,0,0,0,0,0,0,0,0,0,0,0,0,0,0,0,0,0,0,0,0,0,0,0,0,0,0,0,0,0,0,0,0,0,0,0,0,0,0,0,0,0,0,0,0,0,0,0,0,0,0,0,1,0.27,0.27,1,0.06,0.06,0,0,0,0,0,0,0,0,0,0,0,0,0,0,0,0,0,0,0,0,0,0,0,0,0,0,0,0,0,0,0,0,0,0,0,0,0,0,0,4,0.64,2.56,6,2.66,15.94,1,1.26,1.26,3,0.18,0.53,2,0.13,0.26,7,0.27,1.87,11,0.28,3.13,0,0,0,3,1.04,3.13,13,0.55,7.1,13,0.88,11.48,0,0,0,0,0,0,0,0,0,0,0,0,0,0,0,0,0,0,0,0,0,0,0,0,0,0,0,0,0,0,0,0,0,5,0.45,2.24,6,0.72,4.32,3,1.23,3.7,4,0.67,2.69,0,0,0,0,0,0,0,0,0,0,0,0,0,0,0,0,0,0,0,0,0,0,0,0,0,0,0,0,0,0,0,0,0,0,0,0
P121,0,0,0,0,0,0,0,0,0,0,0,0,0,0,0,0,0,0,0,0,0,0,0,0,0,0,0,0,0,0,0,0,0,8,0.44,3.5,16,0.18,2.81,3,0.19,0.56,14,0.23,3.26,0,0,0,0,0,0,0,0,0,0,0,0,1,0.23,0.23,1,0.68,0.68,0,0,0,2,0.18,0.37,0,0,0,0,0,0,0,0,0,0,0,0,1,0.16,0.16,0,0,0,2,0.09,0.19,2,0.06,0.11,0,0,0,0,0,0,0,0,0,0,0,0,0,0,0,0,0,0,0,0,0,0,0,0,0,0,0,0,0,0,0,0,0,0,0,0,2,0.18,0.36,3,0.24,0.71,2,0.72,1.43,3,0.75,2.26,0,0,0,0,0,0,0,0,0,0,0,0,0,0,0,0,0,0,0,0,0,0,0,0,0,0,0,0,0,0,0,0,0,0,0,0,0,0,0,0,0,0,0,0,0,0,0,0,0,0,0,0,0,0,0,0,0,7,0.88,6.17,6,0.23,1.36,14,0.23,3.27,2,1.46,2.92,0,0,0,0,0,0,0,0,0,0,0,0,0,0,0,0,0,0,0,0,0,0,0,0,0,0,0,0,0,0,0,0,0,0,0,0,0,0,0,0,0,0,0,0,0,6,0.63,3.78,8,0.28,2.23,4,0.54,2.18,8,0.29,2.35
P122,2,0.34,0.68,0,0,0,5,1.09,5.45,1,0.16,0.16,0,0,0,2,0.49,0.97,0,0,0,0,0,0,0,0,0,0,0,0,0,0,0,0,0,0,0,0,0,0,0,0,0,0,0,0,0,0,0,0,0,0,0,0,0,0,0,0,0,0,0,0,0,0,0,0,0,0,0,0,0,0,0,0,0,0,0,0,0,0,0,0,0,0,0,0,0,0,0,0,0,0,0,0,0,0,0,0,0,0,0,0,0,0,0,2,0.15,0.29,0,0,0,3,0.03,0.1,0,0,0,0,0,0,0,0,0,0,0,0,0,0,0,0,0,0,0,0,0,0,0,0,0,0,0,0,0,0,0,0,0,0,0,0,0,0,0,9,1.94,17.42,6,2.77,16.61,4,0.35,1.41,6,0.19,1.15,0,0,0,4,0.44,1.75,14,0.32,4.43,1,0.86,0.86,5,0.54,2.7,12,0.82,9.87,17,1.03,17.56,0,0,0,0,0,0,0,0,0,0,0,0,0,0,0,0,0,0,0,0,0,0,0,0,0,0,0,0,0,0,0,0,0,2,0.86,1.73,5,0.33,1.63,4,1.2,4.8,4,0.4,1.61,0,0,0,0,0,0,0,0,0,0,0,0,0,0,0,0,0,0,0,0,0,0,0,0,0,0,0,0,0,0,0,0,0,0,0,0
P123,0,0,0,0,0,0,0,0,0,0,0,0,0,0,0,0,0,0,0,0,0,0,0,0,0,0,0,0,0,0,0,0,0,6,0.52,3.11,0,0,0,9,0.29,2.57,5,0.44,2.22,0,0,0,0,0,0,0,0,0,0,0,0,1,0.22,0.22,2,0.29,0.58,0,0,0,0,0,0,0,0,0,0,0,0,0,0,0,0,0,0,2,0.11,0.22,0,0,0,2,0.42,0.84,2,0.26,0.51,0,0,0,0,0,0,0,0,0,0,0,0,0,0,0,0,0,0,0,0,0,0,0,0,0,0,0,0,0,0,0,0,0,0,0,0,1,0.27,0.27,1,0.93,0.93,3,0.68,2.03,5,0.38,1.92,0,0,0,0,0,0,0,0,0,0,0,0,0,0,0,0,0,0,0,0,0,0,0,0,0,0,0,0,0,0,0,0,0,0,0,0,0,0,0,0,0,0,0,0,0,0,0,0,0,0,0,0,0,0,0,0,0,6,0.59,3.52,4,1.8,7.18,5,1.07,5.34,2,0.31,0.63,0,0,0,0,0,0,0,0,0,0,0,0,0,0,0,0,0,0,0,0,0,0,0,0,0,0,0,0,0,0,0,0,0,0,0,0,0,0,0,0,0,0,0,0,0,7,0.44,3.08,1,0.24,0.24,3,0.39,1.16,5,0.6,3.01
P124,1,0.13,0.13,0,0,0,3,1.92,5.75,1,0.64,0.64,0,0,0,6,0.08,0.48,2,0.06,0.12,0,0,0,0,0,0,0,0,0,0,0,0,0,0,0,0,0,0,0,0,0,0,0,0,0,0,0,0,0,0,0,0,0,0,0,0,0,0,0,0,0,0,0,0,0,0,0,0,0,0,0,0,0,0,0,0,0,0,0,0,0,0,0,0,0,0,0,0,0,0,0,0,0,0,0,0,0,0,0,0,0,0,0,0,0,0,0,0,0,0,2,0.06,0.11,0,0,0,0,0,0,0,0,0,0,0,0,0,0,0,0,0,0,0,0,0,0,0,0,0,0,0,0,0,0,0,0,0,0,0,0,0,0,0,19,0.18,3.45,20,0.62,12.48,1,0.68,0.68,8,0.13,1.03,1,0.04,0.04,6,0.22,1.29,21,0.28,5.88,1,0.43,0.43,11,0.18,2.01,14,0.7,9.87,25,0.34,8.57,0,0,0,0,0,0,0,0,0,0,0,0,0,0,0,0,0,0,0,0,0,0,0,0,0,0,0,0,0,0,0,0,0,6,0.77,4.61,4,1.28,5.13,4,1.1,4.41,4,0.4,1.59,0,0,0,0,0,0,0,0,0,0,0,0,0,0,0,0,0,0,0,0,0,0,0,0,0,0,0,0,0,0,0,0,0,0,0,0
P125,0,0,0,0,0,0,0,0,0,0,0,0,0,0,0,0,0,0,0,0,0,0,0,0,0,0,0,0,0,0,0,0,0,0,0,0,0,0,0,0,0,0,0,0,0,0,0,0,0,0,0,0,0,0,0,0,0,0,0,0,0,0,0,0,0,0,0,0,0,0,0,0,0,0,0,0,0,0,0,0,0,0,0,0,0,0,0,0,0,0,0,0,0,13,0.14,1.87,6,0.05,0.32,1,0.04,0.04,1,0.06,0.06,0,0,0,0,0,0,0,0,0,0,0,0,0,0,0,0,0,0,0,0,0,0,0,0,0,0,0,0,0,0,0,0,0,0,0,0,11,0.13,1.43,24,0.46,11.04,19,0.28,5.31,24,0.47,11.36,0,0,0,0,0,0,0,0,0,0,0,0,0,0,0,0,0,0,0,0,0,0,0,0,0,0,0,0,0,0,0,0,0,0,0,0,0,0,0,0,0,0,0,0,0,0,0,0,0,0,0,0,0,0,0,0,0,11,0.39,4.3,4,0.59,2.37,10,0.5,4.99,0,0,0,0,0,0,0,0,0,0,0,0,0,0,0,0,0,0,0,0,0,0,0,0,0,0,0,0,0,0,0,0,0,0,0,0,0,0,0,0,0,0,0,0,0,0,0,0
P126,0,0,0,0,0,0,0,0,0,0,0,0,0,0,0,0,0,0,0,0,0,0,0,0,0,0,0,0,0,0,0,0,0,1,0.01,0.01,6,0.23,1.36,7,0.13,0.89,5,0.34,1.72,0,0,0,0,0,0,0,0,0,0,0,0,0,0,0,1,0.06,0.06,0,0,0,0,0,0,0,0,0,0,0,0,0,0,0,0,0,0,0,0,0,1,0,0,1,0.17,0.17,1,0.01,0.01,0,0,0,0,0,0,0,0,0,0,0,0,0,0,0,0,0,0,0,0,0,0,0,0,0,0,0,0,0,0,0,0,0,0,0,0,0,0,0,3,0.29,0.86,3,0.74,2.22,4,0.3,1.18,0,0,0,0,0,0,0,0,0,0,0,0,0,0,0,0,0,0,0,0,0,0,0,0,0,0,0,0,0,0,0,0,0,0,0,0,0,0,0,0,0,0,0,0,0,0,0,0,0,0,0,0,0,0,0,0,0,8,0.5,4,6,0.49,2.96,8,0.54,4.34,2,0.36,0.72,0,0,0,0,0,0,0,0,0,0,0,0,0,0,0,0,0,0,0,0,0,0,0,0,0,0,0,0,0,0,0,0,0,0,0,0,0,0,0,0,0,0,0,0,0,1,0.55,0.55,5,0.35,1.76,5,0.24,1.18,5,0.49,2.46
P127,0,0,0,0,0,0,0,0,0,0,0,0,0,0,0,0,0,0,0,0,0,0,0,0,0,0,0,0,0,0,0,0,0,2,0.15,0.3,3,0.09,0.27,6,0.1,0.59,3,0.04,0.13,0,0,0,0,0,0,0,0,0,0,0,0,0,0,0,0,0,0,0,0,0,0,0,0,0,0,0,0,0,0,0,0,0,0,0,0,0,0,0,0,0,0,0,0,0,0,0,0,0,0,0,0,0,0,0,0,0,0,0,0,0,0,0,0,0,0,0,0,0,0,0,0,0,0,0,0,0,0,0,0,0,0,0,0,0,0,0,1,0.52,0.52,3,0.31,0.92,1,0.65,0.65,0,0,0,0,0,0,0,0,0,0,0,0,0,0,0,0,0,0,0,0,0,0,0,0,0,0,0,0,0,0,0,0,0,0,0,0,0,0,0,0,0,0,0,0,0,0,0,0,0,0,0,0,0,0,0,0,0,1,1.4,1.4,6,0.43,2.57,5,0.53,2.64,4,0.75,2.98,0,0,0,0,0,0,0,0,0,0,0,0,0,0,0,0,0,0,0,0,0,0,0,0,0,0,0,0,0,0,0,0,0,0,0,0,0,0,0,0,0,0,0,0,0,0,0,0,1,0.77,0.77,1,0.48,0.48,2,0.25,0.5
P128,0,0,0,0,0,0,0,0,0,0,0,0,0,0,0,0,0,0,0,0,0,0,0,0,0,0,0,0,0,0,0,0,0,0,0,0,0,0,0,0,0,0,0,0,0,0,0,0,0,0,0,0,0,0,0,0,0,0,0,0,0,0,0,0,0,0,0,0,0,0,0,0,0,0,0,0,0,0,0,0,0,0,0,0,0,0,0,0,0,0,0,0,0,5,0.32,1.58,2,0.02,0.04,0,0,0,3,0.25,0.75,0,0,0,0,0,0,0,0,0,0,0,0,0,0,0,0,0,0,0,0,0,0,0,0,0,0,0,0,0,0,0,0,0,0,0,0,7,0.32,2.25,10,0.47,4.71,14,0.36,5.08,15,0.29,4.37,0,0,0,0,0,0,0,0,0,0,0,0,0,0,0,0,0,0,0,0,0,0,0,0,0,0,0,0,0,0,0,0,0,0,0,0,0,0,0,0,0,0,0,0,0,0,0,0,0,0,0,0,0,0,0,0,0,6,1.16,6.98,3,1.13,3.4,8,0.65,5.18,0,0,0,0,0,0,0,0,0,0,0,0,0,0,0,0,0,0,0,0,0,0,0,0,0,0,0,0,0,0,0,0,0,0,0,0,0,0,0,0,0,0,0,0,0,0,0,0
P129,1,0.06,0.06,0,0,0,5,1.2,5.98,0,0,0,0,0,0,4,0.1,0.38,4,0.1,0.4,0,0,0,0,0,0,0,0,0,0,0,0,0,0,0,0,0,0,0,0,0,0,0,0,0,0,0,0,0,0,0,0,0,0,0,0,0,0,0,0,0,0,0,0,0,0,0,0,0,0,0,0,0,0,0,0,0,0,0,0,0,0,0,0,0,0,0,0,0,0,0,0,0,0,0,0,0,0,0,0,0,0,0,0,0,0,0,3,0.11,0.32,5,0.09,0.46,0,0,0,0,0,0,0,0,0,0,0,0,0,0,0,0,0,0,0,0,0,0,0,0,0,0,0,0,0,0,0,0,0,0,0,0,0,0,0,11,0.9,9.85,9,1.76,15.86,0,0,0,2,0.52,1.04,0,0,0,5,0.32,1.59,8,1.01,8.09,1,0.56,0.56,4,0.64,2.55,15,0.65,9.75,4,1.95,7.81,0,0,0,0,0,0,0,0,0,0,0,0,0,0,0,0,0,0,0,0,0,0,0,0,0,0,0,0,0,0,0,0,0,5,0.38,1.89,5,0.96,4.82,5,1.01,5.05,1,0.02,0.02,0,0,0,0,0,0,0,0,0,0,0,0,0,0,0,0,0,0,0,0,0,0,0,0,0,0,0,0,0,0,0,0,0,0,0,0
P130,0,0,0,0,0,0,0,0,0,0,0,0,0,0,0,0,0,0,0,0,0,0,0,0,0,0,0,0,0,0,0,0,0,4,0.19,0.76,15,0.23,3.52,10,0.38,3.82,5,0.2,1,0,0,0,0,0,0,0,0,0,0,0,0,0,0,0,1,0.32,0.32,0,0,0,1,0.13,0.13,0,0,0,0,0,0,0,0,0,0,0,0,0,0,0,3,0.31,0.92,1,0.37,0.37,0,0,0,0,0,0,0,0,0,0,0,0,0,0,0,0,0,0,0,0,0,0,0,0,0,0,0,0,0,0,0,0,0,0,0,0,0,0,0,1,0.74,0.74,4,0.32,1.3,4,0.6,2.4,2,0.88,1.77,0,0,0,0,0,0,0,0,0,0,0,0,0,0,0,0,0,0,0,0,0,0,0,0,0,0,0,0,0,0,0,0,0,0,0,0,0,0,0,0,0,0,0,0,0,0,0,0,0,0,0,0,0,0,0,0,0,2,1.1,2.21,5,0.59,2.95,7,0.98,6.84,3,0.33,1,0,0,0,0,0,0,0,0,0,0,0,0,0,0,0,0,0,0,0,0,0,0,0,0,0,0,0,0,0,0,0,0,0,0,0,0,0,0,0,0,0,0,0,0,0,4,0.74,2.97,2,0.39,0.77,4,0.29,1.17,5,0.38,1.9
P131,0,0,0,0,0,0,0,0,0,0,0,0,0,0,0,0,0,0,0,0,0,0,0,0,0,0,0,0,0,0,0,0,0,0,0,0,0,0,0,0,0,0,0,0,0,0,0,0,0,0,0,0,0,0,0,0,0,0,0,0,0,0,0,0,0,0,0,0,0,0,0,0,0,0,0,0,0,0,0,0,0,0,0,0,0,0,0,0,0,0,0,0,0,6,0.18,1.1,16,0.04,0.72,2,0.04,0.08,4,0.16,0.63,0,0,0,0,0,0,0,0,0,0,0,0,0,0,0,0,0,0,0,0,0,0,0,0,0,0,0,0,0,0,0,0,0,0,0,0,10,0.2,1.98,17,0.18,3.08,15,0.33,4.97,13,0.3,3.92,0,0,0,0,0,0,0,0,0,0,0,0,0,0,0,0,0,0,0,0,0,0,0,0,0,0,0,0,0,0,0,0,0,0,0,0,0,0,0,0,0,0,0,0,0,0,0,0,0,0,0,0,0,0,0,0,0,12,0.36,4.3,3,0.31,0.93,7,0.71,4.98,0,0,0,0,0,0,0,0,0,0,0,0,0,0,0,0,0,0,0,0,0,0,0,0,0,0,0,0,0,0,0,0,0,0,0,0,0,0,0,0,0,0,0,0,0,0,0,0
P132,0,0,0,0,0,0,0,0,0,0,0,0,0,0,0,0,0,0,0,0,0,0,0,0,0,0,0,0,0,0,0,0,0,0,0,0,0,0,0,0,0,0,0,0,0,0,0,0,0,0,0,0,0,0,0,0,0,0,0,0,0,0,0,0,0,0,0,0,0,0,0,0,0,0,0,0,0,0,0,0,0,0,0,0,0,0,0,0,0,0,0,0,0,1,0,0,7,0.04,0.27,0,0,0,2,0.25,0.51,0,0,0,0,0,0,0,0,0,0,0,0,0,0,0,0,0,0,0,0,0,0,0,0,0,0,0,0,0,0,0,0,0,0,0,0,1,0.36,0.36,12,0.23,2.77,6,0.17,1.03,8,0.3,2.4,0,0,0,0,0,0,0,0,0,0,0,0,0,0,0,0,0,0,0,0,0,0,0,0,0,0,0,0,0,0,0,0,0,0,0,0,0,0,0,0,0,0,0,0,0,0,0,0,0,0,0,0,0,0,0,0,0,5,0.05,0.24,4,0.56,2.23,4,0.9,3.59,0,0,0,0,0,0,0,0,0,0,0,0,0,0,0,0,0,0,0,0,0,0,0,0,0,0,0,0,0,0,0,0,0,0,0,0,0,0,0,0,0,0,0,0,0,0,0,0
P133,0,0,0,0,0,0,0,0,0,0,0,0,0,0,0,0,0,0,0,0,0,4,0.46,1.85,12,0.19,2.29,2,0.35,0.7,7,0.32,2.22,0,0,0,0,0,0,0,0,0,0,0,0,0,0,0,1,0.03,0.03,0,0,0,1,0.11,0.11,0,0,0,0,0,0,0,0,0,0,0,0,1,0.19,0.19,0,0,0,0,0,0,0,0,0,0,0,0,0,0,0,0,0,0,0,0,0,0,0,0,0,0,0,0,0,0,0,0,0,0,0,0,0,0,0,0,0,0,0,0,0,0,0,0,1,0.51,0.51,4,0.33,1.34,2,0.96,1.92,0,0,0,0,0,0,0,0,0,0,0,0,0,0,0,0,0,0,0,0,0,0,0,0,0,0,0,0,0,0,0,0,0,0,0,0,0,0,0,0,0,0,0,0,0,0,0,0,0,0,0,0,0,0,0,0,0,7,0.59,4.14,7,0.73,5.08,6,0.99,5.94,1,2.49,2.49,0,0,0,0,0,0,0,0,0,0,0,0,0,0,0,0,0,0,0,0,0,0,0,0,0,0,0,0,0,0,0,0,0,3,0.77,2.3,3,0.38,1.15,8,0.34,2.75,9,0.38,3.39,4,0.8,3.2,4,0.31,1.23,3,0.46,1.37,10,0.48,4.78,0,0,0,0,0,0,0,0,0,0,0,0
P136,0,0,0,0,0,0,0,0,0,0,0,0,0,0,0,0,0,0,0,0,0,4,0.52,2.1,2,0.12,0.24,3,0.32,0.97,7,0.44,3.09,0,0,0,0,0,0,0,0,0,0,0,0,0,0,0,0,0,0,0,0,0,3,0.23,0.68,0,0,0,0,0,0,0,0,0,0,0,0,1,0.3,0.3,0,0,0,0,0,0,1,0.19,0.19,0,0,0,0,0,0,0,0,0,0,0,0,0,0,0,0,0,0,0,0,0,0,0,0,0,0,0,0,0,0,0,0,0,0,0,0,0,0,0,0,0,0,3,0.73,2.2,2,1.03,2.07,0,0,0,0,0,0,0,0,0,0,0,0,0,0,0,0,0,0,0,0,0,0,0,0,0,0,0,0,0,0,0,0,0,0,0,0,0,0,0,0,0,0,0,0,0,0,0,0,0,0,0,0,0,0,0,0,0,9,0.63,5.67,4,0.5,2.01,5,1.25,6.27,2,1.27,2.54,0,0,0,0,0,0,0,0,0,0,0,0,0,0,0,0,0,0,0,0,0,0,0,0,0,0,0,0,0,0,0,0,0,3,0.92,2.76,5,0.26,1.31,6,0.52,3.13,8,0.34,2.73,4,0.84,3.34,3,0.05,0.15,5,0.45,2.25,9,0.56,5,0,0,0,0,0,0,0,0,0,0,0,0
P137,0,0,0,0,0,0,0,0,0,0,0,0,0,0,0,0,0,0,0,0,0,0,0,0,0,0,0,0,0,0,0,0,0,2,0.1,0.2,7,0.18,1.25,11,0.19,2.1,12,0.33,4.01,0,0,0,0,0,0,0,0,0,0,0,0,0,0,0,2,0.05,0.09,0,0,0,0,0,0,0,0,0,0,0,0,0,0,0,0,0,0,0,0,0,2,0.2,0.41,0,0,0,0,0,0,0,0,0,0,0,0,0,0,0,0,0,0,0,0,0,0,0,0,0,0,0,0,0,0,0,0,0,0,0,0,0,0,0,0,0,0,0,0,0,2,0.28,0.55,1,1.1,1.1,2,0.08,0.16,0,0,0,0,0,0,0,0,0,0,0,0,0,0,0,0,0,0,0,0,0,0,0,0,0,0,0,0,0,0,0,0,0,0,0,0,0,0,0,0,0,0,0,0,0,0,0,0,0,0,0,0,0,0,0,0,0,0,0,0,6,0.6,3.57,4,0.45,1.79,1,0.37,0.37,0,0,0,0,0,0,0,0,0,0,0,0,0,0,0,0,0,0,0,0,0,0,0,0,0,0,0,0,0,0,0,0,0,0,0,0,0,0,0,0,0,0,0,0,0,1,0.43,0.43,1,0.23,0.23,0,0,0,1,0.2,0.2
P138,0,0,0,1,0.3,0.3,2,2.63,5.26,1,0.41,0.41,0,0,0,3,0.02,0.07,2,0.12,0.24,0,0,0,0,0,0,0,0,0,0,0,0,0,0,0,0,0,0,0,0,0,0,0,0,0,0,0,0,0,0,0,0,0,0,0,0,0,0,0,0,0,0,0,0,0,0,0,0,0,0,0,0,0,0,0,0,0,0,0,0,0,0,0,0,0,0,0,0,0,0,0,0,0,0,0,0,0,0,0,0,0,0,0,0,0,0,0,1,0,0,4,0.09,0.36,0,0,0,0,0,0,0,0,0,0,0,0,0,0,0,0,0,0,0,0,0,0,0,0,0,0,0,0,0,0,0,0,0,0,0,0,0,0,0,10,1.66,16.64,7,1.85,12.96,3,0.38,1.13,7,0.36,2.51,0,0,0,5,0.34,1.68,11,0.33,3.6,4,0.3,1.2,8,0.69,5.51,13,0.58,7.57,18,0.71,12.73,0,0,0,0,0,0,0,0,0,0,0,0,0,0,0,0,0,0,0,0,0,0,0,0,0,0,0,0,0,0,0,0,0,1,1.93,1.93,7,0.45,3.17,6,0.81,4.87,3,0.6,1.81,0,0,0,0,0,0,0,0,0,0,0,0,0,0,0,0,0,0,0,0,0,0,0,0,0,0,0,0,0,0,0,0,0,0,0,0
P139,0,0,0,0,0,0,0,0,0,0,0,0,0,0,0,0,0,0,0,0,0,0,0,0,0,0,0,0,0,0,0,0,0,9,0.31,2.79,5,0.11,0.56,5,0.55,2.75,9,0.39,3.47,0,0,0,0,0,0,0,0,0,0,0,0,1,0.12,0.12,0,0,0,0,0,0,0,0,0,0,0,0,0,0,0,0,0,0,0,0,0,1,0.25,0.25,2,0.08,0.17,0,0,0,0,0,0,0,0,0,0,0,0,0,0,0,0,0,0,0,0,0,0,0,0,0,0,0,0,0,0,0,0,0,0,0,0,0,0,0,0,0,0,1,0.55,0.55,2,0.29,0.58,3,0.4,1.2,6,0.34,2.06,0,0,0,0,0,0,0,0,0,0,0,0,0,0,0,0,0,0,0,0,0,0,0,0,0,0,0,0,0,0,0,0,0,0,0,0,0,0,0,0,0,0,0,0,0,0,0,0,0,0,0,0,0,0,0,0,0,5,1.24,6.18,10,0.44,4.41,4,0.88,3.51,1,3.31,3.31,0,0,0,0,0,0,0,0,0,0,0,0,0,0,0,0,0,0,0,0,0,0,0,0,0,0,0,0,0,0,0,0,0,0,0,0,0,0,0,0,0,0,0,0,0,5,0.73,3.64,1,0.07,0.07,4,0.08,0.31,5,0.47,2.35
P140,0,0,0,0,0,0,0,0,0,0,0,0,0,0,0,0,0,0,0,0,0,0,0,0,0,0,0,0,0,0,0,0,0,2,0.21,0.42,15,0.16,2.35,10,0.29,2.87,14,0.28,3.88,0,0,0,0,0,0,0,0,0,0,0,0,0,0,0,2,0.69,1.38,0,0,0,2,0.22,0.44,0,0,0,0,0,0,0,0,0,0,0,0,0,0,0,0,0,0,0,0,0,0,0,0,0,0,0,0,0,0,0,0,0,0,0,0,0,0,0,0,0,0,0,0,0,0,0,0,0,0,0,0,0,0,0,0,0,0,0,0,1,0.38,0.38,5,0.35,1.73,2,0.74,1.48,2,0.8,1.6,0,0,0,0,0,0,0,0,0,0,0,0,0,0,0,0,0,0,0,0,0,0,0,0,0,0,0,0,0,0,0,0,0,0,0,0,0,0,0,0,0,0,0,0,0,0,0,0,0,0,0,0,0,0,0,0,0,1,1.61,1.61,5,1.03,5.14,8,0.68,5.47,3,0.95,2.84,0,0,0,0,0,0,0,0,0,0,0,0,0,0,0,0,0,0,0,0,0,0,0,0,0,0,0,0,0,0,0,0,0,0,0,0,0,0,0,0,0,0,0,0,0,4,0.73,2.93,3,0.75,2.24,6,0.43,2.57,9,0.36,3.21
P141,0,0,0,0,0,0,0,0,0,0,0,0,0,0,0,0,0,0,0,0,0,0,0,0,0,0,0,0,0,0,0,0,0,0,0,0,2,0.34,0.69,2,0.55,1.1,0,0,0,0,0,0,0,0,0,0,0,0,0,0,0,0,0,0,0,0,0,0,0,0,0,0,0,0,0,0,0,0,0,0,0,0,0,0,0,0,0,0,0,0,0,0,0,0,0,0,0,0,0,0,0,0,0,0,0,0,0,0,0,0,0,0,0,0,0,0,0,0,0,0,0,0,0,0,0,0,0,0,0,0,0,0,0,0,0,0,0,0,0,0,0,0,0,0,0,0,0,0,0,0,0,0,0,0,0,0,0,0,0,0,0,0,0,0,0,0,0,0,0,0,0,0,0,0,0,0,0,0,0,0,0,0,0,0,0,0,0,0,0,0,0,0,0,0,0,0,0,0,0,0,0,0,0,0,0,2,0.07,0.15,3,0.78,2.34,0,0,0,0,0,0,0,0,0,0,0,0,0,0,0,0,0,0,0,0,0,0,0,0,0,0,0,0,0,0,0,0,0,0,0,0,0,0,0,0,0,0,0,0,0,0,0,0,0,0,0,0,0,0,0,0,0,0,0,0
P142,0,0,0,0,0,0,0,0,0,0,0,0,0,0,0,0,0,0,0,0,0,0,0,0,0,0,0,0,0,0,0,0,0,0,0,0,0,0,0,0,0,0,0,0,0,0,0,0,0,0,0,0,0,0,0,0,0,0,0,0,0,0,0,0,0,0,0,0,0,0,0,0,0,0,0,0,0,0,0,0,0,0,0,0,0,0,0,0,0,0,0,0,0,10,0.14,1.37,5,0.11,0.55,1,0,0,2,0.12,0.24,0,0,0,0,0,0,0,0,0,0,0,0,0,0,0,0,0,0,0,0,0,0,0,0,0,0,0,0,0,0,0,0,0,0,0,0,21,0.18,3.77,12,0.65,7.85,12,0.23,2.74,29,0.27,7.77,0,0,0,0,0,0,0,0,0,0,0,0,0,0,0,0,0,0,0,0,0,0,0,0,0,0,0,0,0,0,0,0,0,0,0,0,0,0,0,0,0,0,0,0,0,0,0,0,0,0,0,0,0,0,0,0,0,16,0.3,4.85,5,0.74,3.68,14,0.26,3.61,0,0,0,0,0,0,0,0,0,0,0,0,0,0,0,0,0,0,0,0,0,0,0,0,0,0,0,0,0,0,0,0,0,0,0,0,0,0,0,0,0,0,0,0,0,0,0,0
P143,0,0,0,0,0,0,0,0,0,0,0,0,0,0,0,0,0,0,0,0,0,0,0,0,0,0,0,0,0,0,0,0,0,0,0,0,0,0,0,0,0,0,0,0,0,0,0,0,0,0,0,0,0,0,0,0,0,0,0,0,0,0,0,0,0,0,0,0,0,0,0,0,0,0,0,0,0,0,0,0,0,0,0,0,0,0,0,0,0,0,0,0,0,7,0.15,1.05,5,0.15,0.76,1,0.03,0.03,0,0,0,0,0,0,0,0,0,0,0,0,0,0,0,0,0,0,0,0,0,0,0,0,0,0,0,0,0,0,0,0,0,0,0,0,0,0,0,14,0.17,2.43,21,0.41,8.52,14,0.38,5.25,17,0.32,5.39,0,0,0,0,0,0,0,0,0,0,0,0,0,0,0,0,0,0,0,0,0,0,0,0,0,0,0,0,0,0,0,0,0,0,0,0,0,0,0,0,0,0,0,0,0,0,0,0,0,0,0,0,0,0,0,0,0,3,0.73,2.2,1,0.29,0.29,12,0.65,7.75,0,0,0,0,0,0,0,0,0,0,0,0,0,0,0,0,0,0,0,0,0,0,0,0,0,0,0,0,0,0,0,0,0,0,0,0,0,0,0,0,0,0,0,0,0,0,0,0
P144,0,0,0,0,0,0,0,0,0,0,0,0,0,0,0,0,0,0,0,0,0,0,0,0,0,0,0,0,0,0,0,0,0,0,0,0,0,0,0,0,0,0,0,0,0,0,0,0,0,0,0,0,0,0,0,0,0,0,0,0,0,0,0,0,0,0,0,0,0,0,0,0,0,0,0,0,0,0,0,0,0,0,0,0,0,0,0,0,0,0,0,0,0,13,0.13,1.65,6,0.01,0.06,3,0.02,0.07,2,0.13,0.26,0,0,0,0,0,0,0,0,0,0,0,0,0,0,0,0,0,0,0,0,0,0,0,0,0,0,0,0,0,0,0,0,0,0,0,0,12,0.24,2.85,23,0.57,13.02,23,0.32,7.46,22,0.39,8.64,0,0,0,0,0,0,0,0,0,0,0,0,0,0,0,0,0,0,0,0,0,0,0,0,0,0,0,0,0,0,0,0,0,0,0,0,0,0,0,0,0,0,0,0,0,0,0,0,0,0,0,0,0,0,0,0,0,9,0.21,1.87,2,0.41,0.82,13,0.45,5.89,0,0,0,0,0,0,0,0,0,0,0,0,0,0,0,0,0,0,0,0,0,0,0,0,0,0,0,0,0,0,0,0,0,0,0,0,0,0,0,0,0,0,0,0,0,0,0,0
P147,0,0,0,0,0,0,0,0,0,0,0,0,0,0,0,0,0,0,0,0,0,0,0,0,0,0,0,0,0,0,0,0,0,3,0.06,0.18,17,0.25,4.19,4,0.22,0.87,6,0.5,3,0,0,0,0,0,0,0,0,0,0,0,0,1,0.3,0.3,1,0.49,0.49,0,0,0,1,0.27,0.27,0,0,0,0,0,0,0,0,0,0,0,0,0,0,0,3,0.15,0.44,0,0,0,0,0,0,0,0,0,0,0,0,0,0,0,0,0,0,0,0,0,0,0,0,0,0,0,0,0,0,0,0,0,0,0,0,0,0,0,0,0,0,0,0,0,1,1.06,1.06,0,0,0,1,1.29,1.29,0,0,0,0,0,0,0,0,0,0,0,0,0,0,0,0,0,0,0,0,0,0,0,0,0,0,0,0,0,0,0,0,0,0,0,0,0,0,0,0,0,0,0,0,0,0,0,0,0,0,0,0,0,0,0,0,0,4,1.33,5.32,8,0.64,5.1,9,0.71,6.37,2,1.45,2.89,0,0,0,0,0,0,0,0,0,0,0,0,0,0,0,0,0,0,0,0,0,0,0,0,0,0,0,0,0,0,0,0,0,0,0,0,0,0,0,0,0,0,0,0,0,3,0.74,2.22,4,0.27,1.07,0,0,0,2,0.69,1.38
P148,0,0,0,0,0,0,0,0,0,0,0,0,0,0,0,0,0,0,0,0,0,7,0.17,1.22,7,0.24,1.66,7,0.25,1.76,3,0.54,1.62,0,0,0,0,0,0,0,0,0,0,0,0,0,0,0,0,0,0,0,0,0,1,0.3,0.3,0,0,0,0,0,0,0,0,0,0,0,0,1,0.22,0.22,0,0,0,0,0,0,0,0,0,0,0,0,0,0,0,0,0,0,0,0,0,0,0,0,0,0,0,0,0,0,0,0,0,0,0,0,0,0,0,0,0,0,0,0,0,1,0.19,0.19,1,0.32,0.32,2,1.45,2.89,1,0.59,0.59,0,0,0,0,0,0,0,0,0,0,0,0,0,0,0,0,0,0,0,0,0,0,0,0,0,0,0,0,0,0,0,0,0,0,0,0,0,0,0,0,0,0,0,0,0,0,0,0,0,0,0,0,0,0,0,0,0,5,1.34,6.69,9,0.52,4.65,5,1.24,6.19,2,1.37,2.73,0,0,0,0,0,0,0,0,0,0,0,0,0,0,0,0,0,0,0,0,0,0,0,0,0,0,0,0,0,0,0,0,0,2,1.36,2.72,4,0.17,0.69,8,0.3,2.44,5,0.46,2.28,6,0.69,4.13,2,0.67,1.35,4,0.7,2.8,3,0.42,1.27,0,0,0,0,0,0,0,0,0,0,0,0
P149,0,0,0,0,0,0,0,0,0,0,0,0,0,0,0,0,0,0,0,0,0,8,0.11,0.86,4,0.38,1.52,14,0.07,1.04,9,0.1,0.94,0,0,0,0,0,0,0,0,0,0,0,0,0,0,0,0,0,0,0,0,0,0,0,0,0,0,0,0,0,0,0,0,0,0,0,0,0,0,0,0,0,0,1,0.07,0.07,0,0,0,0,0,0,0,0,0,0,0,0,0,0,0,0,0,0,0,0,0,0,0,0,0,0,0,0,0,0,0,0,0,0,0,0,0,0,0,2,0.15,0.3,3,0.23,0.68,4,0.42,1.69,2,1,2.01,0,0,0,0,0,0,0,0,0,0,0,0,0,0,0,0,0,0,0,0,0,0,0,0,0,0,0,0,0,0,0,0,0,0,0,0,0,0,0,0,0,0,0,0,0,0,0,0,0,0,0,0,0,0,0,0,0,11,0.2,2.19,18,0.1,1.75,17,0.09,1.59,7,0.15,1.04,0,0,0,0,0,0,0,0,0,0,0,0,0,0,0,0,0,0,0,0,0,0,0,0,0,0,0,0,0,0,0,0,0,9,0.24,2.14,3,0.27,0.81,6,0.11,0.68,4,0.08,0.32,2,0.88,1.76,2,0.87,1.75,6,0.23,1.4,4,0.38,1.52,0,0,0,0,0,0,0,0,0,0,0,0
P150,0,0,0,0,0,0,0,0,0,0,0,0,0,0,0,0,0,0,0,0,0,0,0,0,0,0,0,0,0,0,0,0,0,13,0.13,1.65,9,0.2,1.81,3,0.27,0.82,6,0.36,2.15,0,0,0,0,0,0,0,0,0,0,0,0,1,0.34,0.34,2,0.44,0.87,0,0,0,0,0,0,0,0,0,0,0,0,0,0,0,0,0,0,1,0.09,0.09,2,0.07,0.13,0,0,0,0,0,0,0,0,0,0,0,0,0,0,0,0,0,0,0,0,0,0,0,0,0,0,0,0,0,0,0,0,0,0,0,0,0,0,0,0,0,0,0,0,0,1,0.51,0.51,2,1.4,2.8,1,1.42,1.42,0,0,0,0,0,0,0,0,0,0,0,0,0,0,0,0,0,0,0,0,0,0,0,0,0,0,0,0,0,0,0,0,0,0,0,0,0,0,0,0,0,0,0,0,0,0,0,0,0,0,0,0,0,0,0,0,0,7,0.7,4.91,5,0.59,2.97,3,2.31,6.94,3,0.9,2.71,0,0,0,0,0,0,0,0,0,0,0,0,0,0,0,0,0,0,0,0,0,0,0,0,0,0,0,0,0,0,0,0,0,0,0,0,0,0,0,0,0,0,0,0,0,5,0.27,1.37,6,0.23,1.36,2,0.32,0.65,13,0.3,3.89
P151,0,0,0,0,0,0,0,0,0,0,0,0,0,0,0,0,0,0,0,0,0,2,0.07,0.15,13,0.23,2.93,3,0.27,0.8,10,0.14,1.36,0,0,0,0,0,0,0,0,0,0,0,0,1,0.03,0.03,0,0,0,1,0.03,0.03,1,0,0,0,0,0,0,0,0,0,0,0,0,0,0,0,0,0,0,0,0,0,0,0,0,0,0,0,0,0,0,0,0,0,0,0,0,0,0,0,0,0,0,0,0,0,0,0,0,0,0,0,0,0,0,0,0,0,0,0,0,0,0,0,0,0,1,1,1,2,1.01,2.03,2,0.87,1.73,0,0,0,0,0,0,0,0,0,0,0,0,0,0,0,0,0,0,0,0,0,0,0,0,0,0,0,0,0,0,0,0,0,0,0,0,0,0,0,0,0,0,0,0,0,0,0,0,0,0,0,0,0,0,0,0,0,8,0.34,2.75,5,0.51,2.57,5,1.05,5.27,2,0.93,1.86,0,0,0,0,0,0,0,0,0,0,0,0,0,0,0,0,0,0,0,0,0,0,0,0,0,0,0,0,0,0,0,0,0,2,1.15,2.31,1,0.99,0.99,4,0.62,2.48,5,0.32,1.62,8,0.23,1.85,3,0.73,2.2,4,0.59,2.36,9,0.42,3.81,0,0,0,0,0,0,0,0,0,0,0,0
P152,0,0,0,0,0,0,0,0,0,0,0,0,0,0,0,0,0,0,0,0,0,3,0.11,0.32,5,0.31,1.54,0,0,0,3,0.23,0.69,0,0,0,0,0,0,0,0,0,0,0,0,0,0,0,0,0,0,0,0,0,1,0.41,0.41,0,0,0,0,0,0,0,0,0,0,0,0,0,0,0,0,0,0,0,0,0,0,0,0,0,0,0,0,0,0,0,0,0,0,0,0,0,0,0,0,0,0,0,0,0,0,0,0,0,0,0,0,0,0,0,0,0,0,0,0,0,0,0,1,0.33,0.33,3,0.18,0.54,4,0.29,1.18,0,0,0,0,0,0,0,0,0,0,0,0,0,0,0,0,0,0,0,0,0,0,0,0,0,0,0,0,0,0,0,0,0,0,0,0,0,0,0,0,0,0,0,0,0,0,0,0,0,0,0,0,0,0,0,0,0,7,0.55,3.88,8,0.67,5.37,6,0.95,5.68,2,1.43,2.86,0,0,0,0,0,0,0,0,0,0,0,0,0,0,0,0,0,0,0,0,0,0,0,0,0,0,0,0,0,0,0,0,0,4,0.42,1.68,3,0.31,0.93,2,1.09,2.18,6,0.32,1.95,5,0.13,0.65,1,0.1,0.1,3,0.16,0.47,3,0.72,2.16,0,0,0,0,0,0,0,0,0,0,0,0
P153,0,0,0,0,0,0,0,0,0,0,0,0,0,0,0,0,0,0,0,0,0,0,0,0,0,0,0,0,0,0,0,0,0,0,0,0,0,0,0,0,0,0,0,0,0,0,0,0,0,0,0,0,0,0,0,0,0,0,0,0,0,0,0,0,0,0,0,0,0,0,0,0,0,0,0,0,0,0,0,0,0,0,0,0,0,0,0,0,0,0,0,0,0,7,0.12,0.81,11,0.13,1.48,2,0.01,0.02,1,0.39,0.39,0,0,0,0,0,0,0,0,0,0,0,0,0,0,0,0,0,0,0,0,0,0,0,0,0,0,0,0,0,0,0,0,0,0,0,0,9,0.19,1.68,16,0.38,6.04,13,0.47,6.1,12,0.64,7.71,0,0,0,0,0,0,0,0,0,0,0,0,0,0,0,0,0,0,0,0,0,0,0,0,0,0,0,0,0,0,0,0,0,0,0,0,0,0,0,0,0,0,0,0,0,0,0,0,0,0,0,0,0,0,0,0,0,7,0.46,3.22,4,0.62,2.49,7,1.04,7.3,0,0,0,0,0,0,0,0,0,0,0,0,0,0,0,0,0,0,0,0,0,0,0,0,0,0,0,0,0,0,0,0,0,0,0,0,0,0,0,0,0,0,0,0,0,0,0,0
P154,0,0,0,0,0,0,0,0,0,0,0,0,0,0,0,0,0,0,0,0,0,0,0,0,0,0,0,0,0,0,0,0,0,8,0.31,2.51,13,0.34,4.48,3,0.58,1.73,6,0.42,2.5,0,0,0,0,0,0,0,0,0,0,0,0,1,0.25,0.25,0,0,0,0,0,0,0,0,0,0,0,0,0,0,0,0,0,0,0,0,0,0,0,0,2,0.21,0.42,0,0,0,1,0.02,0.02,0,0,0,0,0,0,0,0,0,0,0,0,0,0,0,0,0,0,0,0,0,0,0,0,0,0,0,0,0,0,0,0,0,0,0,0,1,0.49,0.49,3,0.42,1.27,3,0.58,1.73,2,0.93,1.87,0,0,0,0,0,0,0,0,0,0,0,0,0,0,0,0,0,0,0,0,0,0,0,0,0,0,0,0,0,0,0,0,0,0,0,0,0,0,0,0,0,0,0,0,0,0,0,0,0,0,0,0,0,0,0,0,0,4,1.08,4.31,4,1.05,4.21,5,1.06,5.32,2,0.55,1.1,0,0,0,0,0,0,0,0,0,0,0,0,0,0,0,0,0,0,0,0,0,0,0,0,0,0,0,0,0,0,0,0,0,0,0,0,0,0,0,0,0,0,0,0,0,5,0.51,2.56,2,0.37,0.74,1,0.68,0.68,4,0.25,0.98
P155,0,0,0,0,0,0,0,0,0,0,0,0,0,0,0,0,0,0,0,0,0,5,0.11,0.55,12,0.31,3.72,8,0.3,2.41,9,0.41,3.66,0,0,0,0,0,0,0,0,0,0,0,0,0,0,0,2,0.44,0.88,0,0,0,1,0.41,0.41,0,0,0,0,0,0,0,0,0,0,0,0,0,0,0,0,0,0,0,0,0,0,0,0,0,0,0,0,0,0,0,0,0,0,0,0,0,0,0,0,0,0,0,0,0,0,0,0,0,0,0,0,0,0,0,0,0,0,0,0,1,0.35,0.35,1,1.03,1.03,2,0.42,0.83,1,1.67,1.67,0,0,0,0,0,0,0,0,0,0,0,0,0,0,0,0,0,0,0,0,0,0,0,0,0,0,0,0,0,0,0,0,0,0,0,0,0,0,0,0,0,0,0,0,0,0,0,0,0,0,0,0,0,0,0,0,0,5,1.25,6.26,8,0.6,4.83,5,1.37,6.83,1,2.92,2.92,0,0,0,0,0,0,0,0,0,0,0,0,0,0,0,0,0,0,0,0,0,0,0,0,0,0,0,0,0,0,0,0,0,2,1.06,2.12,3,0.42,1.26,5,0.47,2.34,7,0.65,4.57,4,0.38,1.53,2,0.38,0.75,2,0.64,1.28,8,0.36,2.89,0,0,0,0,0,0,0,0,0,0,0,0
P156,0,0,0,0,0,0,0,0,0,0,0,0,0,0,0,0,0,0,0,0,0,2,0.55,1.1,7,0.32,2.26,2,0.1,0.21,4,0.18,0.72,0,0,0,0,0,0,0,0,0,0,0,0,0,0,0,1,0.34,0.34,0,0,0,0,0,0,0,0,0,0,0,0,0,0,0,0,0,0,0,0,0,0,0,0,0,0,0,0,0,0,0,0,0,0,0,0,0,0,0,0,0,0,0,0,0,0,0,0,0,0,0,0,0,0,0,0,0,0,0,0,0,0,0,0,0,0,2,0.17,0.34,2,0.28,0.56,3,0.26,0.78,2,0.94,1.88,0,0,0,0,0,0,0,0,0,0,0,0,0,0,0,0,0,0,0,0,0,0,0,0,0,0,0,0,0,0,0,0,0,0,0,0,0,0,0,0,0,0,0,0,0,0,0,0,0,0,0,0,0,0,0,0,0,7,0.56,3.93,7,0.2,1.42,7,0.95,6.66,1,2.8,2.8,0,0,0,0,0,0,0,0,0,0,0,0,0,0,0,0,0,0,0,0,0,0,0,0,0,0,0,0,0,0,0,0,0,4,0.33,1.32,2,0.61,1.23,6,0.38,2.3,4,0.69,2.75,3,0.64,1.93,2,0.54,1.08,3,0.24,0.71,9,0.43,3.88,0,0,0,0,0,0,0,0,0,0,0,0
P157,0,0,0,0,0,0,0,0,0,0,0,0,0,0,0,0,0,0,0,0,0,3,0.76,2.29,8,0.2,1.6,5,0.34,1.68,6,0.44,2.65,0,0,0,0,0,0,0,0,0,0,0,0,1,0.1,0.1,0,0,0,0,0,0,0,0,0,0,0,0,0,0,0,0,0,0,0,0,0,1,0.06,0.06,0,0,0,0,0,0,0,0,0,0,0,0,0,0,0,0,0,0,0,0,0,0,0,0,0,0,0,0,0,0,0,0,0,0,0,0,0,0,0,0,0,0,0,0,0,1,0.44,0.44,1,0.89,0.89,2,1.16,2.32,1,1.25,1.25,0,0,0,0,0,0,0,0,0,0,0,0,0,0,0,0,0,0,0,0,0,0,0,0,0,0,0,0,0,0,0,0,0,0,0,0,0,0,0,0,0,0,0,0,0,0,0,0,0,0,0,0,0,0,0,0,0,7,0.78,5.45,6,0.97,5.82,5,1.46,7.29,1,3.55,3.55,0,0,0,0,0,0,0,0,0,0,0,0,0,0,0,0,0,0,0,0,0,0,0,0,0,0,0,0,0,0,0,0,0,2,0.95,1.91,3,0.64,1.93,4,0.7,2.79,3,0.83,2.48,5,0.38,1.89,2,0.51,1.01,3,0.65,1.96,3,0.51,1.54,0,0,0,0,0,0,0,0,0,0,0,0
P158,0,0,0,0,0,0,0,0,0,0,0,0,0,0,0,0,0,0,0,0,0,3,0.34,1.03,11,0.29,3.21,7,0.39,2.7,3,0.63,1.9,0,0,0,0,0,0,0,0,0,0,0,0,1,0.16,0.16,1,0.31,0.31,0,0,0,1,0.04,0.04,0,0,0,0,0,0,0,0,0,0,0,0,0,0,0,0,0,0,2,0.2,0.41,0,0,0,0,0,0,0,0,0,0,0,0,0,0,0,0,0,0,0,0,0,0,0,0,0,0,0,0,0,0,0,0,0,0,0,0,0,0,0,0,0,0,1,0.98,0.98,2,1.17,2.33,1,1.74,1.74,0,0,0,0,0,0,0,0,0,0,0,0,0,0,0,0,0,0,0,0,0,0,0,0,0,0,0,0,0,0,0,0,0,0,0,0,0,0,0,0,0,0,0,0,0,0,0,0,0,0,0,0,0,0,0,0,0,7,0.29,2.02,9,0.49,4.45,5,1.44,7.22,2,1.22,2.45,0,0,0,0,0,0,0,0,0,0,0,0,0,0,0,0,0,0,0,0,0,0,0,0,0,0,0,0,0,0,0,0,0,3,0.57,1.72,5,0.46,2.3,4,0.73,2.91,7,0.29,2.02,5,0.45,2.25,3,0.45,1.36,4,0.62,2.48,7,0.52,3.63,0,0,0,0,0,0,0,0,0,0,0,0
P159,0,0,0,0,0,0,0,0,0,0,0,0,0,0,0,0,0,0,0,0,0,3,0.59,1.77,7,0.32,2.24,4,0.37,1.47,5,0.53,2.64,0,0,0,0,0,0,0,0,0,0,0,0,1,0.22,0.22,1,0.31,0.31,0,0,0,2,0.18,0.35,0,0,0,0,0,0,0,0,0,0,0,0,0,0,0,1,0.22,0.22,0,0,0,0,0,0,0,0,0,0,0,0,0,0,0,0,0,0,0,0,0,0,0,0,0,0,0,0,0,0,0,0,0,0,0,0,0,0,0,0,0,0,1,1.15,1.15,2,0.31,0.62,2,1.05,2.1,3,0.67,2.01,0,0,0,0,0,0,0,0,0,0,0,0,0,0,0,0,0,0,0,0,0,0,0,0,0,0,0,0,0,0,0,0,0,0,0,0,0,0,0,0,0,0,0,0,0,0,0,0,0,0,0,0,0,0,0,0,0,6,0.29,1.76,3,1.52,4.56,6,0.93,5.6,2,1.28,2.56,0,0,0,0,0,0,0,0,0,0,0,0,0,0,0,0,0,0,0,0,0,0,0,0,0,0,0,0,0,0,0,0,0,3,0.82,2.47,2,0.14,0.28,8,0.3,2.38,7,0.54,3.77,4,0.7,2.81,6,0.38,2.3,6,0.62,3.71,6,0.68,4.07,0,0,0,0,0,0,0,0,0,0,0,0
P160,0,0,0,0,0,0,0,0,0,0,0,0,0,0,0,0,0,0,0,0,0,2,0.19,0.39,2,0.24,0.49,6,0.11,0.67,3,0.2,0.61,0,0,0,0,0,0,0,0,0,0,0,0,1,0.13,0.13,0,0,0,0,0,0,3,0.12,0.37,0,0,0,0,0,0,0,0,0,0,0,0,1,0.16,0.16,1,0.09,0.09,0,0,0,0,0,0,0,0,0,0,0,0,0,0,0,0,0,0,0,0,0,0,0,0,0,0,0,0,0,0,0,0,0,0,0,0,0,0,0,0,0,0,2,0.51,1.01,1,0.2,0.2,2,0.52,1.04,3,0.58,1.75,0,0,0,0,0,0,0,0,0,0,0,0,0,0,0,0,0,0,0,0,0,0,0,0,0,0,0,0,0,0,0,0,0,0,0,0,0,0,0,0,0,0,0,0,0,0,0,0,0,0,0,0,0,0,0,0,0,6,0.51,3.08,5,0.16,0.81,8,0.57,4.58,1,0.07,0.07,0,0,0,0,0,0,0,0,0,0,0,0,0,0,0,0,0,0,0,0,0,0,0,0,0,0,0,0,0,0,0,0,0,2,0.85,1.7,2,0.53,1.06,3,0.16,0.47,6,0.28,1.69,5,0.48,2.42,0,0,0,3,0.4,1.21,6,0.38,2.26,0,0,0,0,0,0,0,0,0,0,0,0